corruption_distance,initial_MSE,minimum_MSE_ever,generation_of_minimum,final_MSE,exact_hit_ever,first_exact_hit_gen,number_of_exact_hits,exact_retained,maximum_delta_J
1,237.13109,108.43366,0,1000000000.00000,False,-1,0,False,128.69743
1,1000000000.00000,0.03500,6,230.91795,True,6,1,False,999999999.96500
1,1000000000.00000,0.03500,6,237.71136,True,6,2,False,999999999.96500
1,1000000000.00000,126.21457,171,1000000000.00000,False,-1,0,False,999999873.78543
1,1000000000.00000,202.20006,28,1000000000.00000,False,-1,0,False,999999797.79994
1,1000000000.00000,126.34309,92,1000000000.00000,False,-1,0,False,999999873.65691
1,201.54111,0.04000,1,1000000000.00000,True,1,1,False,201.50111
1,201.54111,114.62945,44,1000000000.00000,False,-1,0,False,86.91166
1,1000000000.00000,134.13847,3,1000000000.00000,False,-1,0,False,999999865.86153
1,107.30476,54.64013,0,228.44106,False,-1,0,False,52.66462
1,1000000000.00000,114.60944,194,1000000000.00000,False,-1,0,False,999999885.39056
1,155.66695,0.03500,0,1000000000.00000,True,0,1,False,155.63195
1,1000000000.00000,115.38950,101,1000000000.00000,False,-1,0,False,999999884.61050
1,1000000000.00000,92.51377,2,1000000000.00000,False,-1,0,False,999999907.48623
1,1000000000.00000,124.71684,155,1000000000.00000,False,-1,0,False,999999875.28316
1,1000000000.00000,52.39445,11,1000000000.00000,False,-1,0,False,999999947.60555
1,214.00467,54.64013,0,1000000000.00000,False,-1,0,False,159.36454
1,237.13109,0.03500,0,1000000000.00000,True,0,2,False,237.09609
1,1000000000.00000,0.03500,1,1000000000.00000,True,1,2,False,999999999.96500
1,131.94560,131.94560,0,1000000000.00000,False,-1,0,False,0.00000
1,102.66048,0.03500,0,1000000000.00000,True,0,1,False,102.62548
1,1000000000.00000,134.53683,45,1000000000.00000,False,-1,0,False,999999865.46317
1,315.21738,0.03500,0,1000000000.00000,True,0,1,False,315.18238
1,1000000000.00000,117.99149,19,1000000000.00000,False,-1,0,False,999999882.00851
1,1000000000.00000,184.11707,134,1000000000.00000,False,-1,0,False,999999815.88293
1,110.30239,0.03500,0,1000000000.00000,True,0,1,False,110.26739
1,155.66695,0.03500,1,1000000000.00000,True,1,1,False,155.63195
1,1000000000.00000,79.02309,2,1000000000.00000,False,-1,0,False,999999920.97691
1,1000000000.00000,96.44762,0,269.29251,False,-1,0,False,999999903.55238
1,1000000000.00000,87.80806,4,264.40714,False,-1,0,False,999999912.19194
1,1000000000.00000,79.01809,4,1000000000.00000,False,-1,0,False,999999920.98191
1,110.30239,0.04000,0,1000000000.00000,True,0,1,False,110.26239
1,134.13847,0.04000,0,1000000000.00000,True,0,1,False,134.09847
1,1000000000.00000,128.07663,28,1000000000.00000,False,-1,0,False,999999871.92337
1,1000000000.00000,52.73775,5,1000000000.00000,False,-1,0,False,999999947.26225
1,1000000000.00000,369.74432,15,1000000000.00000,False,-1,0,False,999999630.25568
1,803.36713,54.64013,0,1000000000.00000,False,-1,0,False,748.72699
1,1000000000.00000,150.28125,14,1000000000.00000,False,-1,0,False,999999849.71875
1,1000000000.00000,181.47966,164,1000000000.00000,False,-1,0,False,999999818.52034
1,1000000000.00000,183.38121,63,1000000000.00000,False,-1,0,False,999999816.61879
1,102.66048,0.03500,0,1000000000.00000,True,0,1,False,102.62548
1,102.48744,55.63159,10,1000000000.00000,False,-1,0,False,46.85585
1,1000000000.00000,147.97549,140,1000000000.00000,False,-1,0,False,999999852.02451
1,1000000000.00000,54.64011,3,1000000000.00000,False,-1,0,False,999999945.35989
1,1000000000.00000,158.37296,28,1000000000.00000,False,-1,0,False,999999841.62704
1,1000000000.00000,0.03500,1,1000000000.00000,True,1,2,False,999999999.96500
1,301.54605,134.14348,0,1000000000.00000,False,-1,0,False,167.40257
1,1000000000.00000,132.29721,10,1000000000.00000,False,-1,0,False,999999867.70279
1,1000000000.00000,178.61801,3,1000000000.00000,False,-1,0,False,999999821.38199
1,1000000000.00000,147.95628,146,226.57603,False,-1,0,False,999999852.04372
1,1000000000.00000,114.60944,228,1000000000.00000,False,-1,0,False,999999885.39056
1,1000000000.00000,87.25459,2,237.67636,False,-1,0,False,999999912.74541
1,1000000000.00000,138.25040,3,1000000000.00000,False,-1,0,False,999999861.74960
1,1954.62122,0.03500,1,1000000000.00000,True,1,1,False,1954.58622
1,1000000000.00000,0.03500,0,1000000000.00000,True,0,2,False,999999999.96500
1,1000000000.00000,0.03500,0,1000000000.00000,True,0,4,False,999999999.96500
1,1000000000.00000,208.22337,116,1000000000.00000,False,-1,0,False,999999791.77663
1,1000000000.00000,124.51730,1,1000000000.00000,False,-1,0,False,999999875.48270
1,1000000000.00000,0.03500,1,1000000000.00000,True,1,2,False,999999999.96500
1,1000000000.00000,165.41910,21,237.67636,False,-1,0,False,999999834.58090
1,124.51730,121.57458,0,1000000000.00000,False,-1,0,False,2.94272
1,1000000000.00000,180.97098,143,1000000000.00000,False,-1,0,False,999999819.02902
1,301.54605,124.51730,0,232.02910,False,-1,0,False,177.02876
1,1000000000.00000,54.64013,1,1000000000.00000,False,-1,0,False,999999945.35987
1,1000000000.00000,186.43123,191,1000000000.00000,False,-1,0,False,999999813.56877
1,84.70797,0.03500,0,1000000000.00000,True,0,1,False,84.67297
1,1000000000.00000,52.73774,14,1000000000.00000,False,-1,0,False,999999947.26226
1,1000000000.00000,126.32809,130,1000000000.00000,False,-1,0,False,999999873.67191
1,1000000000.00000,147.49138,91,1000000000.00000,False,-1,0,False,999999852.50862
1,178.61301,92.51877,1,1000000000.00000,False,-1,0,False,86.09424
1,1000000000.00000,160.42198,12,1000000000.00000,False,-1,0,False,999999839.57802
1,167.00528,0.03500,1,1000000000.00000,True,1,1,False,166.97028
1,1000000000.00000,0.04000,2,236.19962,True,2,1,False,999999999.96000
1,1000000000.00000,178.62302,20,1000000000.00000,False,-1,0,False,999999821.37698
1,1000000000.00000,253.77786,68,1000000000.00000,False,-1,0,False,999999746.22214
1,1000000000.00000,150.27626,1,1000000000.00000,False,-1,0,False,999999849.72374
1,102.48744,54.65030,23,1000000000.00000,False,-1,0,False,47.83714
1,204.76686,0.03500,1,1000000000.00000,True,1,1,False,204.73186
1,1000000000.00000,179.48335,168,1000000000.00000,False,-1,0,False,999999820.51665
1,252.13332,0.03500,1,1000000000.00000,True,1,1,False,252.09832
1,124.51730,92.51377,0,1000000000.00000,False,-1,0,False,32.00352
1,1000000000.00000,130.30234,6,1000000000.00000,False,-1,0,False,999999869.69766
1,209.39662,102.48744,0,1000000000.00000,False,-1,0,False,106.90918
1,196.17804,0.03500,0,1000000000.00000,True,0,1,False,196.14304
1,191.57933,0.04000,0,1000000000.00000,True,0,1,False,191.53933
1,54.64013,0.03500,4,1000000000.00000,True,4,1,False,54.60513
1,131.94560,131.94560,0,1000000000.00000,False,-1,0,False,0.00000
1,196.17804,150.27626,1,1000000000.00000,False,-1,0,False,45.90178
1,1000000000.00000,0.03500,1,1000000000.00000,True,1,1,False,999999999.96500
1,167.00528,0.03500,0,1000000000.00000,True,0,1,False,166.97028
1,1000000000.00000,0.03500,1,1000000000.00000,True,1,1,False,999999999.96500
1,1954.62122,0.03500,0,1000000000.00000,True,0,3,False,1954.58622
1,84.70797,0.03500,0,1000000000.00000,True,0,3,False,84.67297
1,178.61301,121.57458,1,1000000000.00000,False,-1,0,False,57.03843
1,178.61301,120.48195,69,232.07341,False,-1,0,False,58.13106
1,214.00467,54.64013,0,1000000000.00000,False,-1,0,False,159.36454
1,1000000000.00000,0.03500,1,1000000000.00000,True,1,1,False,999999999.96500
1,240.61874,0.03500,6,1000000000.00000,True,6,1,False,240.58374
1,915.05444,75.32417,6,1000000000.00000,False,-1,0,False,839.73027
1,155.66695,0.04000,3,1000000000.00000,True,3,1,False,155.62695
1,1000000000.00000,79.02363,2,1000000000.00000,False,-1,0,False,999999920.97637
1,110.30239,90.24576,0,1000000000.00000,False,-1,0,False,20.05663
1,84.70797,0.03500,0,1000000000.00000,True,0,1,False,84.67297
1,134.13847,89.99744,0,1000000000.00000,False,-1,0,False,44.14103
1,1000000000.00000,0.03500,0,1000000000.00000,True,0,1,False,999999999.96500
1,212.01289,0.04000,1,1000000000.00000,True,1,1,False,211.97289
1,1000000000.00000,107.99966,4,1000000000.00000,False,-1,0,False,999999892.00034
1,54.64013,54.64013,0,1000000000.00000,False,-1,0,False,0.00000
1,337.62064,92.51377,0,1000000000.00000,False,-1,0,False,245.10686
1,1000000000.00000,158.50163,32,1000000000.00000,False,-1,0,False,999999841.49837
1,1000000000.00000,114.62944,13,1000000000.00000,False,-1,0,False,999999885.37056
1,1000000000.00000,131.11447,73,254.90181,False,-1,0,False,999999868.88553
1,1000000000.00000,0.03500,0,1000000000.00000,True,0,2,False,999999999.96500
1,1000000000.00000,79.48299,128,1000000000.00000,False,-1,0,False,999999920.51701
1,155.66695,0.03500,0,1000000000.00000,True,0,2,False,155.63195
1,134.13847,0.03500,0,1000000000.00000,True,0,2,False,134.10347
1,212.01289,169.14297,177,1000000000.00000,False,-1,0,False,42.86992
1,1000000000.00000,54.63013,7,1000000000.00000,False,-1,0,False,999999945.36987
1,134.13847,134.13847,0,1000000000.00000,False,-1,0,False,0.00000
1,214.00467,54.64013,0,1000000000.00000,False,-1,0,False,159.36454
1,1000000000.00000,54.64013,1,1000000000.00000,False,-1,0,False,999999945.35987
1,1000000000.00000,148.13863,1,1000000000.00000,False,-1,0,False,999999851.86137
1,1000000000.00000,160.13214,88,1000000000.00000,False,-1,0,False,999999839.86786
1,1000000000.00000,0.03500,1,1000000000.00000,True,1,2,False,999999999.96500
1,84.70797,0.03500,0,1000000000.00000,True,0,2,False,84.67297
1,1000000000.00000,191.57434,140,1000000000.00000,False,-1,0,False,999999808.42566
1,1000000000.00000,193.06889,42,1000000000.00000,False,-1,0,False,999999806.93111
1,1000000000.00000,80.83295,2,1000000000.00000,False,-1,0,False,999999919.16705
1,1000000000.00000,135.80182,136,1000000000.00000,False,-1,0,False,999999864.19818
1,155.66695,0.04000,0,1000000000.00000,True,0,1,False,155.62695
1,102.66048,102.66048,0,1000000000.00000,False,-1,0,False,0.00000
1,1000000000.00000,54.64013,0,1000000000.00000,False,-1,0,False,999999945.35987
1,1000000000.00000,54.64013,0,1000000000.00000,False,-1,0,False,999999945.35987
1,131.94560,84.70797,26,1000000000.00000,False,-1,0,False,47.23763
1,1000000000.00000,79.01809,3,237.67636,False,-1,0,False,999999920.98191
1,1000000000.00000,124.51730,0,1000000000.00000,False,-1,0,False,999999875.48270
1,1000000000.00000,52.73274,4,1000000000.00000,False,-1,0,False,999999947.26726
1,1000000000.00000,147.51680,77,1000000000.00000,False,-1,0,False,999999852.48320
1,155.66695,134.13847,0,1000000000.00000,False,-1,0,False,21.52847
1,178.61301,101.31597,1,1000000000.00000,False,-1,0,False,77.29704
1,1000000000.00000,150.27626,16,1000000000.00000,False,-1,0,False,999999849.72374
1,234.68857,0.03500,0,1000000000.00000,True,0,2,False,234.65357
1,1000000000.00000,205.48181,2,1000000000.00000,False,-1,0,False,999999794.51819
1,1000000000.00000,79.01308,6,1000000000.00000,False,-1,0,False,999999920.98692
1,301.54605,124.51730,0,237.69635,False,-1,0,False,177.02876
1,1000000000.00000,176.40718,6,1000000000.00000,False,-1,0,False,999999823.59282
1,1000000000.00000,179.69377,81,1000000000.00000,False,-1,0,False,999999820.30623
1,1000000000.00000,87.24459,2,292.05374,False,-1,0,False,999999912.75541
1,1000000000.00000,79.01809,8,1000000000.00000,False,-1,0,False,999999920.98191
1,1000000000.00000,87.81805,2,1000000000.00000,False,-1,0,False,999999912.18195
1,1000000000.00000,0.03500,2,1000000000.00000,True,0,2,False,999999999.96500
1,1000000000.00000,162.73619,5,1000000000.00000,False,-1,0,False,999999837.26381
1,155.66695,134.13847,0,1000000000.00000,False,-1,0,False,21.52847
1,79.02309,79.02309,0,1000000000.00000,False,-1,0,False,0.00000
1,1000000000.00000,87.81961,142,1000000000.00000,False,-1,0,False,999999912.18039
1,1000000000.00000,188.41191,171,237.73651,False,-1,0,False,999999811.58809
1,1000000000.00000,0.03500,2,1000000000.00000,True,2,2,False,999999999.96500
1,301.54605,124.51730,0,305.97888,False,-1,0,False,177.02876
1,1000000000.00000,0.03500,0,1000000000.00000,True,0,2,False,999999999.96500
1,915.05444,54.64513,0,1000000000.00000,False,-1,0,False,860.40931
1,1000000000.00000,79.02309,4,1000000000.00000,False,-1,0,False,999999920.97691
1,1000000000.00000,180.40620,59,1000000000.00000,False,-1,0,False,999999819.59380
1,1000000000.00000,217.96335,228,1000000000.00000,False,-1,0,False,999999782.03665
1,245.86028,0.03500,4,261.64581,True,4,1,False,245.82528
1,803.36713,54.64513,0,1000000000.00000,False,-1,0,False,748.72199
1,240.61874,0.03500,0,1000000000.00000,True,0,1,False,240.58374
1,1000000000.00000,199.57521,124,1000000000.00000,False,-1,0,False,999999800.42479
1,1000000000.00000,0.04000,30,1000000000.00000,True,30,1,False,999999999.96000
1,1000000000.00000,190.11093,41,1000000000.00000,False,-1,0,False,999999809.88907
1,1000000000.00000,109.33556,6,1000000000.00000,False,-1,0,False,999999890.66444
1,1000000000.00000,147.49638,131,1000000000.00000,False,-1,0,False,999999852.50362
1,201.54111,0.03500,0,1000000000.00000,True,0,1,False,201.50611
1,1000000000.00000,186.40146,7,1000000000.00000,False,-1,0,False,999999813.59854
1,1000000000.00000,79.01809,4,1000000000.00000,False,-1,0,False,999999920.98191
1,110.30239,90.24576,0,1000000000.00000,False,-1,0,False,20.05663
1,803.36713,54.64013,0,1000000000.00000,False,-1,0,False,748.72699
1,1000000000.00000,178.61720,1,250.29616,False,-1,0,False,999999821.38280
1,1000000000.00000,54.64013,1,225.57747,False,-1,0,False,999999945.35987
1,1000000000.00000,79.02309,0,1000000000.00000,False,-1,0,False,999999920.97691
1,1000000000.00000,0.03500,4,1000000000.00000,True,1,4,False,999999999.96500
1,1000000000.00000,114.59851,172,1000000000.00000,False,-1,0,False,999999885.40149
1,1000000000.00000,79.02309,3,1000000000.00000,False,-1,0,False,999999920.97691
1,1000000000.00000,92.51377,2,1000000000.00000,False,-1,0,False,999999907.48623
1,131.94560,123.38744,7,1000000000.00000,False,-1,0,False,8.55816
1,90.24576,57.57068,0,1000000000.00000,False,-1,0,False,32.67508
1,1000000000.00000,197.52663,60,1000000000.00000,False,-1,0,False,999999802.47337
1,1000000000.00000,178.61301,3,1000000000.00000,False,-1,0,False,999999821.38699
1,134.13847,0.03500,0,1000000000.00000,True,0,1,False,134.10347
1,84.70797,0.03500,0,1000000000.00000,True,0,2,False,84.67297
1,90.24576,57.28633,0,1000000000.00000,False,-1,0,False,32.95943
1,1000000000.00000,0.03500,1,1000000000.00000,True,1,3,False,999999999.96500
1,234.68857,0.03500,1,1000000000.00000,True,1,2,False,234.65357
1,1000000000.00000,0.03500,2,1000000000.00000,True,2,1,False,999999999.96500
1,1000000000.00000,0.03500,1,1000000000.00000,True,0,8,False,999999999.96500
1,102.66048,79.44348,107,1000000000.00000,False,-1,0,False,23.21700
1,337.62064,121.57458,0,1000000000.00000,False,-1,0,False,216.04606
1,245.86028,0.03500,0,1000000000.00000,True,0,1,False,245.82528
1,191.57933,78.00726,0,1000000000.00000,False,-1,0,False,113.57207
1,124.51730,92.51377,0,1000000000.00000,False,-1,0,False,32.00352
1,252.13332,0.03500,0,1000000000.00000,True,0,2,False,252.09832
1,1000000000.00000,124.22874,19,1000000000.00000,False,-1,0,False,999999875.77126
1,245.86028,0.03500,0,1000000000.00000,True,0,1,False,245.82528
1,1000000000.00000,226.48207,19,1000000000.00000,False,-1,0,False,999999773.51793
1,252.13332,0.03500,0,1000000000.00000,True,0,1,False,252.09832
1,1000000000.00000,114.61445,41,1000000000.00000,False,-1,0,False,999999885.38555
1,196.17804,0.03500,0,1000000000.00000,True,0,1,False,196.14304
1,1000000000.00000,0.03500,0,1000000000.00000,True,0,4,False,999999999.96500
1,191.57933,0.03500,0,1000000000.00000,True,0,1,False,191.54433
1,315.21738,0.03500,1,1000000000.00000,True,1,1,False,315.18238
1,1000000000.00000,0.03500,1,1000000000.00000,True,1,1,False,999999999.96500
1,155.66695,134.14348,0,1000000000.00000,False,-1,0,False,21.52347
1,1000000000.00000,205.60535,67,1000000000.00000,False,-1,0,False,999999794.39465
1,1000000000.00000,0.03500,0,235.84184,True,0,1,False,999999999.96500
1,1000000000.00000,151.84918,13,1000000000.00000,False,-1,0,False,999999848.15082
1,1000000000.00000,0.03500,1,1000000000.00000,True,1,1,False,999999999.96500
1,1000000000.00000,54.64013,2,1000000000.00000,False,-1,0,False,999999945.35987
1,1000000000.00000,92.51377,3,249.62746,False,-1,0,False,999999907.48623
1,1000000000.00000,0.04000,1,1000000000.00000,True,1,2,False,999999999.96000
1,102.48744,57.28133,1,1000000000.00000,False,-1,0,False,45.20611
1,1000000000.00000,83.86536,11,251.92651,False,-1,0,False,999999916.13464
1,1000000000.00000,124.50751,7,1000000000.00000,False,-1,0,False,999999875.49249
1,1000000000.00000,79.01309,6,1000000000.00000,False,-1,0,False,999999920.98691
1,1000000000.00000,169.15343,102,1000000000.00000,False,-1,0,False,999999830.84657
1,1000000000.00000,0.03500,1,1000000000.00000,True,1,1,False,999999999.96500
1,1000000000.00000,92.51377,2,1000000000.00000,False,-1,0,False,999999907.48623
1,337.62064,121.57458,0,1000000000.00000,False,-1,0,False,216.04606
1,191.57933,0.03500,0,1000000000.00000,True,0,1,False,191.54433
1,1000000000.00000,0.03500,0,1000000000.00000,True,0,4,False,999999999.96500
1,1000000000.00000,0.03500,1,1000000000.00000,True,0,4,False,999999999.96500
1,1000000000.00000,79.01809,2,1000000000.00000,False,-1,0,False,999999920.98191
1,1000000000.00000,92.51377,2,1000000000.00000,False,-1,0,False,999999907.48623
1,1000000000.00000,160.63905,8,1000000000.00000,False,-1,0,False,999999839.36095
1,155.66695,134.13847,0,246.88861,False,-1,0,False,21.52847
1,237.13109,117.32019,67,1000000000.00000,False,-1,0,False,119.81090
1,252.13332,0.03500,0,253.13138,True,0,2,False,252.09832
1,131.94560,90.24576,0,1000000000.00000,False,-1,0,False,41.69984
1,1000000000.00000,145.69278,27,1000000000.00000,False,-1,0,False,999999854.30722
1,1000000000.00000,107.00988,11,1000000000.00000,False,-1,0,False,999999892.99012
1,196.17804,0.03500,0,1000000000.00000,True,0,1,False,196.14304
1,1000000000.00000,169.13342,184,1000000000.00000,False,-1,0,False,999999830.86658
1,1000000000.00000,79.01308,3,1000000000.00000,False,-1,0,False,999999920.98692
1,1000000000.00000,0.03500,2,1000000000.00000,True,2,1,False,999999999.96500
1,1000000000.00000,169.13342,7,1000000000.00000,False,-1,0,False,999999830.86658
1,90.24576,54.64513,0,1000000000.00000,False,-1,0,False,35.60062
1,1000000000.00000,0.03500,1,1000000000.00000,True,1,1,False,999999999.96500
1,102.66048,0.03500,0,1000000000.00000,True,0,2,False,102.62548
1,1000000000.00000,162.67949,22,1000000000.00000,False,-1,0,False,999999837.32051
1,1000000000.00000,188.91425,222,1000000000.00000,False,-1,0,False,999999811.08575
1,1000000000.00000,82.86708,14,1000000000.00000,False,-1,0,False,999999917.13292
1,1000000000.00000,169.13341,193,1000000000.00000,False,-1,0,False,999999830.86659
1,1000000000.00000,138.79169,6,1000000000.00000,False,-1,0,False,999999861.20831
1,107.30476,54.64013,1,1000000000.00000,False,-1,0,False,52.66462
1,1000000000.00000,182.77989,131,1000000000.00000,False,-1,0,False,999999817.22011
1,54.64013,54.64013,0,1000000000.00000,False,-1,0,False,0.00000
1,1000000000.00000,161.65894,151,1000000000.00000,False,-1,0,False,999999838.34106
1,212.01289,0.03500,0,1000000000.00000,True,0,1,False,211.97789
1,1000000000.00000,141.20514,166,1000000000.00000,False,-1,0,False,999999858.79486
1,1000000000.00000,196.17804,6,1000000000.00000,False,-1,0,False,999999803.82196
1,237.13109,0.03500,1,1000000000.00000,True,1,1,False,237.09609
1,1000000000.00000,87.85017,6,1000000000.00000,False,-1,0,False,999999912.14983
1,102.48744,79.02309,0,1000000000.00000,False,-1,0,False,23.46436
1,191.57933,0.03500,0,1000000000.00000,True,0,2,False,191.54433
1,1000000000.00000,107.30476,9,1000000000.00000,False,-1,0,False,999999892.69524
1,1000000000.00000,138.34627,18,1000000000.00000,False,-1,0,False,999999861.65373
1,178.61301,124.51730,0,1000000000.00000,False,-1,0,False,54.09571
1,803.36713,54.64013,0,1000000000.00000,False,-1,0,False,748.72699
1,155.66695,0.03500,0,1000000000.00000,True,0,1,False,155.63195
1,1000000000.00000,152.85486,184,1000000000.00000,False,-1,0,False,999999847.14514
1,110.30239,84.70797,1,1000000000.00000,False,-1,0,False,25.59442
1,54.64013,54.64013,0,1000000000.00000,False,-1,0,False,0.00000
1,238.75793,185.14877,2,1000000000.00000,False,-1,0,False,53.60916
1,1000000000.00000,188.05617,246,1000000000.00000,False,-1,0,False,999999811.94383
1,1000000000.00000,184.42975,18,1000000000.00000,False,-1,0,False,999999815.57025
1,1000000000.00000,79.02309,2,1000000000.00000,False,-1,0,False,999999920.97691
1,124.51730,92.51877,0,249.62746,False,-1,0,False,31.99853
1,238.75793,0.03500,4,1000000000.00000,True,4,1,False,238.72293
1,1000000000.00000,115.88869,128,1000000000.00000,False,-1,0,False,999999884.11131
1,1000000000.00000,182.96741,40,1000000000.00000,False,-1,0,False,999999817.03259
1,240.61874,0.03500,0,1000000000.00000,True,0,1,False,240.58374
1,1000000000.00000,165.43835,42,1000000000.00000,False,-1,0,False,999999834.56165
1,191.57933,84.71297,1,1000000000.00000,False,-1,0,False,106.86636
1,54.64013,54.64013,0,1000000000.00000,False,-1,0,False,0.00000
1,1000000000.00000,154.53499,93,1000000000.00000,False,-1,0,False,999999845.46501
1,1000000000.00000,80.82795,1,1000000000.00000,False,-1,0,False,999999919.17205
1,1000000000.00000,0.03500,0,1000000000.00000,True,0,3,False,999999999.96500
1,167.00528,0.03500,0,1000000000.00000,True,0,1,False,166.97028
1,1000000000.00000,162.78339,89,1000000000.00000,False,-1,0,False,999999837.21661
1,212.01289,0.03500,0,1000000000.00000,True,0,1,False,211.97789
1,1000000000.00000,192.35197,11,1000000000.00000,False,-1,0,False,999999807.64803
1,1000000000.00000,0.03500,2,1000000000.00000,True,2,2,False,999999999.96500
1,1000000000.00000,141.21013,9,1000000000.00000,False,-1,0,False,999999858.78987
1,1000000000.00000,131.10872,5,1000000000.00000,False,-1,0,False,999999868.89128
1,1000000000.00000,126.33309,62,1000000000.00000,False,-1,0,False,999999873.66691
1,1000000000.00000,163.35728,64,1000000000.00000,False,-1,0,False,999999836.64272
1,1000000000.00000,194.02931,208,1000000000.00000,False,-1,0,False,999999805.97069
1,1000000000.00000,93.43936,2,253.88284,False,-1,0,False,999999906.56064
1,1000000000.00000,155.66695,2,1000000000.00000,False,-1,0,False,999999844.33305
1,1000000000.00000,0.03500,2,1000000000.00000,True,2,1,False,999999999.96500
1,1000000000.00000,155.66695,14,1000000000.00000,False,-1,0,False,999999844.33305
1,1000000000.00000,78.96666,35,1000000000.00000,False,-1,0,False,999999921.03334
1,1000000000.00000,169.13841,34,1000000000.00000,False,-1,0,False,999999830.86159
1,1000000000.00000,122.83126,22,1000000000.00000,False,-1,0,False,999999877.16874
1,1000000000.00000,181.03673,145,1000000000.00000,False,-1,0,False,999999818.96327
1,1954.62122,0.03500,0,1000000000.00000,True,0,2,False,1954.58622
1,1000000000.00000,79.02309,1,1000000000.00000,False,-1,0,False,999999920.97691
1,915.05444,79.02808,0,1000000000.00000,False,-1,0,False,836.02636
1,1000000000.00000,124.51730,1,1000000000.00000,False,-1,0,False,999999875.48270
1,191.57933,0.03500,0,1000000000.00000,True,0,1,False,191.54433
1,301.54605,150.27626,182,1000000000.00000,False,-1,0,False,151.26979
1,1000000000.00000,178.46587,1,237.67636,False,-1,0,False,999999821.53413
1,1000000000.00000,142.95917,111,1000000000.00000,False,-1,0,False,999999857.04083
1,1000000000.00000,124.51730,0,236.06244,False,-1,0,False,999999875.48270
1,1000000000.00000,114.62945,148,1000000000.00000,False,-1,0,False,999999885.37055
1,1000000000.00000,79.02309,8,1000000000.00000,False,-1,0,False,999999920.97691
1,1000000000.00000,138.77669,7,1000000000.00000,False,-1,0,False,999999861.22331
1,1000000000.00000,138.77168,20,1000000000.00000,False,-1,0,False,999999861.22832
1,131.94560,90.24576,0,1000000000.00000,False,-1,0,False,41.69984
1,1000000000.00000,92.51377,3,1000000000.00000,False,-1,0,False,999999907.48623
1,1000000000.00000,132.89497,126,1000000000.00000,False,-1,0,False,999999867.10503
1,1000000000.00000,191.57933,224,1000000000.00000,False,-1,0,False,999999808.42067
1,1000000000.00000,162.58237,0,1000000000.00000,False,-1,0,False,999999837.41763
1,1000000000.00000,147.52138,37,1000000000.00000,False,-1,0,False,999999852.47862
1,1000000000.00000,0.03500,25,1000000000.00000,True,25,1,False,999999999.96500
1,214.00467,54.64013,1,1000000000.00000,False,-1,0,False,159.36454
1,84.70797,0.03500,0,1000000000.00000,True,0,1,False,84.67297
1,201.54111,0.03500,1,1000000000.00000,True,1,1,False,201.50611
1,191.57933,78.00726,0,1000000000.00000,False,-1,0,False,113.57207
1,1000000000.00000,184.10706,125,1000000000.00000,False,-1,0,False,999999815.89294
1,1000000000.00000,116.70748,120,1000000000.00000,False,-1,0,False,999999883.29252
1,214.00467,54.64013,0,1000000000.00000,False,-1,0,False,159.36454
1,240.61874,79.52882,29,1000000000.00000,False,-1,0,False,161.08992
1,1000000000.00000,172.93753,1,1000000000.00000,False,-1,0,False,999999827.06247
1,1000000000.00000,215.63425,179,1000000000.00000,False,-1,0,False,999999784.36575
1,1000000000.00000,178.61301,1,1000000000.00000,False,-1,0,False,999999821.38699
1,1000000000.00000,54.64013,1,1000000000.00000,False,-1,0,False,999999945.35987
1,1000000000.00000,187.37927,8,1000000000.00000,False,-1,0,False,999999812.62073
1,1000000000.00000,147.49138,34,1000000000.00000,False,-1,0,False,999999852.50862
1,1000000000.00000,79.02309,1,1000000000.00000,False,-1,0,False,999999920.97691
1,1000000000.00000,216.15199,201,1000000000.00000,False,-1,0,False,999999783.84801
1,1000000000.00000,0.04000,5,1000000000.00000,True,5,1,False,999999999.96000
1,1000000000.00000,147.40768,113,1000000000.00000,False,-1,0,False,999999852.59232
1,124.51730,92.51377,0,1000000000.00000,False,-1,0,False,32.00352
1,803.36713,54.64513,0,1000000000.00000,False,-1,0,False,748.72199
1,301.54605,134.13847,0,1000000000.00000,False,-1,0,False,167.40758
1,252.13332,0.03500,2,1000000000.00000,True,0,3,False,252.09832
1,1000000000.00000,147.49138,142,265.68091,False,-1,0,False,999999852.50862
1,155.66695,134.13847,0,1000000000.00000,False,-1,0,False,21.52847
1,1000000000.00000,79.01308,4,1000000000.00000,False,-1,0,False,999999920.98692
1,107.30476,54.64013,0,1000000000.00000,False,-1,0,False,52.66462
1,1000000000.00000,148.13364,5,1000000000.00000,False,-1,0,False,999999851.86636
1,107.30476,55.53017,2,1000000000.00000,False,-1,0,False,51.77458
1,1000000000.00000,160.13214,10,1000000000.00000,False,-1,0,False,999999839.86786
1,1000000000.00000,186.52351,30,1000000000.00000,False,-1,0,False,999999813.47649
1,1000000000.00000,153.61563,5,1000000000.00000,False,-1,0,False,999999846.38437
1,1000000000.00000,102.49739,2,1000000000.00000,False,-1,0,False,999999897.50261
1,1000000000.00000,189.36908,187,1000000000.00000,False,-1,0,False,999999810.63092
1,110.30239,0.03500,0,1000000000.00000,True,0,1,False,110.26739
1,1000000000.00000,133.38785,3,278.52551,False,-1,0,False,999999866.61215
1,1000000000.00000,96.44762,0,1000000000.00000,False,-1,0,False,999999903.55238
1,1000000000.00000,178.28818,0,1000000000.00000,False,-1,0,False,999999821.71182
1,210.31979,75.31917,0,1000000000.00000,False,-1,0,False,135.00063
1,337.62064,121.57458,0,1000000000.00000,False,-1,0,False,216.04606
1,1000000000.00000,114.60944,113,240.59288,False,-1,0,False,999999885.39056
1,1000000000.00000,54.64013,0,1000000000.00000,False,-1,0,False,999999945.35987
1,1000000000.00000,104.63701,188,1000000000.00000,False,-1,0,False,999999895.36299
1,212.01289,0.03500,0,1000000000.00000,True,0,1,False,211.97789
1,1000000000.00000,181.47966,154,1000000000.00000,False,-1,0,False,999999818.52034
1,90.24576,90.24576,0,1000000000.00000,False,-1,0,False,0.00000
1,1000000000.00000,215.73354,194,1000000000.00000,False,-1,0,False,999999784.26646
1,167.00528,124.22374,23,245.01285,False,-1,0,False,42.78154
1,1000000000.00000,0.03500,1,1000000000.00000,True,1,2,False,999999999.96500
1,54.64013,54.64013,0,1000000000.00000,False,-1,0,False,0.00000
1,155.66695,0.03500,0,245.55530,True,0,2,False,155.63195
1,237.13109,0.03500,0,1000000000.00000,True,0,3,False,237.09609
1,102.48744,79.02309,0,1000000000.00000,False,-1,0,False,23.46436
1,1000000000.00000,114.60944,153,1000000000.00000,False,-1,0,False,999999885.39056
1,1000000000.00000,79.20108,9,1000000000.00000,False,-1,0,False,999999920.79892
1,1000000000.00000,194.02551,7,1000000000.00000,False,-1,0,False,999999805.97449
1,134.13847,0.03500,0,1000000000.00000,True,0,1,False,134.10347
1,1000000000.00000,0.03500,3,1000000000.00000,True,3,1,False,999999999.96500
1,915.05444,79.02309,0,1000000000.00000,False,-1,0,False,836.03136
1,1000000000.00000,87.80806,48,1000000000.00000,False,-1,0,False,999999912.19194
1,1000000000.00000,121.57458,0,1000000000.00000,False,-1,0,False,999999878.42542
1,1000000000.00000,0.03500,1,1000000000.00000,True,1,2,False,999999999.96500
1,1000000000.00000,169.85793,5,1000000000.00000,False,-1,0,False,999999830.14207
1,84.70797,0.03500,0,1000000000.00000,True,0,2,False,84.67297
1,1000000000.00000,54.64013,0,1000000000.00000,False,-1,0,False,999999945.35987
1,1000000000.00000,138.12602,161,1000000000.00000,False,-1,0,False,999999861.87398
1,1000000000.00000,112.79254,112,1000000000.00000,False,-1,0,False,999999887.20746
1,1000000000.00000,0.03500,1,1000000000.00000,True,0,3,False,999999999.96500
1,1000000000.00000,0.03500,2,1000000000.00000,True,0,4,False,999999999.96500
1,1000000000.00000,212.61290,169,1000000000.00000,False,-1,0,False,999999787.38710
1,204.76686,0.03500,0,1000000000.00000,True,0,1,False,204.73186
1,1000000000.00000,75.32417,1,1000000000.00000,False,-1,0,False,999999924.67583
1,178.61301,118.33936,36,1000000000.00000,False,-1,0,False,60.27364
1,110.30239,0.03500,0,1000000000.00000,True,0,1,False,110.26739
1,1000000000.00000,79.02822,2,1000000000.00000,False,-1,0,False,999999920.97178
1,337.62064,114.60351,109,1000000000.00000,False,-1,0,False,223.01713
1,1000000000.00000,142.14008,18,1000000000.00000,False,-1,0,False,999999857.85992
1,1000000000.00000,171.50627,93,235.94366,False,-1,0,False,999999828.49373
1,237.13109,0.04000,0,237.67636,True,0,3,False,237.09109
1,234.68857,0.03500,1,1000000000.00000,True,0,2,False,234.65357
1,1000000000.00000,0.03500,1,1000000000.00000,True,0,3,False,999999999.96500
1,1000000000.00000,117.77284,53,1000000000.00000,False,-1,0,False,999999882.22716
1,191.57933,77.67430,1,1000000000.00000,False,-1,0,False,113.90503
1,214.00467,55.52518,0,1000000000.00000,False,-1,0,False,158.47949
1,1000000000.00000,169.53717,191,1000000000.00000,False,-1,0,False,999999830.46283
1,1000000000.00000,117.19854,65,1000000000.00000,False,-1,0,False,999999882.80146
1,1000000000.00000,57.57068,2,1000000000.00000,False,-1,0,False,999999942.42932
1,1000000000.00000,156.14371,244,1000000000.00000,False,-1,0,False,999999843.85629
1,1000000000.00000,0.03500,13,1000000000.00000,True,13,1,False,999999999.96500
1,1000000000.00000,0.03500,4,1000000000.00000,True,4,2,False,999999999.96500
1,1000000000.00000,114.62444,105,1000000000.00000,False,-1,0,False,999999885.37556
1,54.64013,0.03500,4,1000000000.00000,True,4,3,False,54.60513
1,1000000000.00000,160.13214,238,1000000000.00000,False,-1,0,False,999999839.86786
1,210.31979,75.32915,0,1000000000.00000,False,-1,0,False,134.99064
1,1000000000.00000,0.03500,2,1000000000.00000,True,2,1,False,999999999.96500
1,1000000000.00000,184.51428,30,1000000000.00000,False,-1,0,False,999999815.48572
1,131.94560,54.64513,0,1000000000.00000,False,-1,0,False,77.30047
1,1000000000.00000,96.94991,3,1000000000.00000,False,-1,0,False,999999903.05009
1,178.61301,121.57458,0,1000000000.00000,False,-1,0,False,57.03843
1,1000000000.00000,79.02309,0,1000000000.00000,False,-1,0,False,999999920.97691
1,1000000000.00000,83.86246,31,250.88017,False,-1,0,False,999999916.13754
1,234.68857,0.04000,0,1000000000.00000,True,0,1,False,234.64857
1,191.57933,0.03500,0,1000000000.00000,True,0,1,False,191.54433
1,1000000000.00000,163.38055,3,1000000000.00000,False,-1,0,False,999999836.61945
1,196.17804,0.04000,0,1000000000.00000,True,0,1,False,196.13804
1,1000000000.00000,79.02863,2,242.13461,False,-1,0,False,999999920.97137
1,238.75793,108.43366,1,1000000000.00000,False,-1,0,False,130.32427
1,1000000000.00000,54.64013,2,247.28236,False,-1,0,False,999999945.35987
1,131.94560,107.30476,0,1000000000.00000,False,-1,0,False,24.64085
1,315.21738,0.03500,0,1000000000.00000,True,0,2,False,315.18238
1,102.66048,0.03500,0,284.90634,True,0,2,False,102.62548
1,915.05444,69.65417,0,1000000000.00000,False,-1,0,False,845.40027
1,1000000000.00000,186.34303,122,244.38902,False,-1,0,False,999999813.65697
1,1000000000.00000,106.28983,197,1000000000.00000,False,-1,0,False,999999893.71017
1,1000000000.00000,147.50139,5,1000000000.00000,False,-1,0,False,999999852.49861
1,1000000000.00000,131.23347,16,1000000000.00000,False,-1,0,False,999999868.76653
1,201.54111,0.03500,0,1000000000.00000,True,0,1,False,201.50611
1,803.36713,54.64513,0,1000000000.00000,False,-1,0,False,748.72199
1,1000000000.00000,0.03500,0,1000000000.00000,True,0,2,False,999999999.96500
1,1000000000.00000,87.81567,19,1000000000.00000,False,-1,0,False,999999912.18433
1,1000000000.00000,124.73293,163,1000000000.00000,False,-1,0,False,999999875.26707
1,1000000000.00000,97.40598,222,1000000000.00000,False,-1,0,False,999999902.59402
1,1000000000.00000,0.04000,1,1000000000.00000,True,1,2,False,999999999.96000
1,79.02309,54.64013,0,1000000000.00000,False,-1,0,False,24.38295
1,191.57933,78.00726,0,1000000000.00000,False,-1,0,False,113.57207
1,1000000000.00000,0.04000,1,1000000000.00000,True,1,1,False,999999999.96000
1,1000000000.00000,0.03500,2,1000000000.00000,True,2,1,False,999999999.96500
1,1000000000.00000,126.06889,219,1000000000.00000,False,-1,0,False,999999873.93111
1,238.75793,0.04500,0,1000000000.00000,True,0,1,False,238.71293
1,1000000000.00000,0.04000,2,1000000000.00000,True,2,1,False,999999999.96000
1,1000000000.00000,188.73257,247,1000000000.00000,False,-1,0,False,999999811.26743
1,1000000000.00000,150.86925,187,1000000000.00000,False,-1,0,False,999999849.13075
1,1000000000.00000,191.55934,132,243.15952,False,-1,0,False,999999808.44066
1,1000000000.00000,179.65828,10,1000000000.00000,False,-1,0,False,999999820.34172
1,1000000000.00000,79.02309,58,243.92107,False,-1,0,False,999999920.97691
1,196.17804,0.03500,0,1000000000.00000,True,0,2,False,196.14304
1,315.21738,0.03500,1,1000000000.00000,True,0,3,False,315.18238
1,90.24576,54.64513,0,1000000000.00000,False,-1,0,False,35.60062
1,1000000000.00000,124.52230,11,1000000000.00000,False,-1,0,False,999999875.47770
1,1000000000.00000,116.68748,181,1000000000.00000,False,-1,0,False,999999883.31252
1,134.13847,0.03500,0,1000000000.00000,True,0,1,False,134.10347
1,301.54605,92.51377,1,1000000000.00000,False,-1,0,False,209.03228
1,84.70797,0.03500,0,1000000000.00000,True,0,1,False,84.67297
1,1000000000.00000,0.03500,1,1000000000.00000,True,1,3,False,999999999.96500
1,1000000000.00000,0.04500,5,1000000000.00000,True,5,1,False,999999999.95500
1,79.02309,54.64013,1,1000000000.00000,False,-1,0,False,24.38295
1,1000000000.00000,114.39066,1,1000000000.00000,False,-1,0,False,999999885.60934
1,1000000000.00000,169.13841,3,1000000000.00000,False,-1,0,False,999999830.86159
1,110.30239,0.03500,1,1000000000.00000,True,1,1,False,110.26739
1,1000000000.00000,181.56194,4,1000000000.00000,False,-1,0,False,999999818.43806
1,1954.62122,0.03500,0,1000000000.00000,True,0,1,False,1954.58622
1,1000000000.00000,79.02309,2,1000000000.00000,False,-1,0,False,999999920.97691
1,1954.62122,108.43366,0,1000000000.00000,False,-1,0,False,1846.18755
1,196.17804,108.43366,1,1000000000.00000,False,-1,0,False,87.74438
1,1000000000.00000,194.71225,46,1000000000.00000,False,-1,0,False,999999805.28775
1,1000000000.00000,79.02309,2,1000000000.00000,False,-1,0,False,999999920.97691
1,1000000000.00000,178.28818,0,1000000000.00000,False,-1,0,False,999999821.71182
1,1000000000.00000,79.02309,0,1000000000.00000,False,-1,0,False,999999920.97691
1,54.64013,54.64013,0,1000000000.00000,False,-1,0,False,0.00000
1,1000000000.00000,180.58119,21,1000000000.00000,False,-1,0,False,999999819.41881
1,1000000000.00000,55.31416,6,1000000000.00000,False,-1,0,False,999999944.68584
1,1000000000.00000,102.56570,165,1000000000.00000,False,-1,0,False,999999897.43430
1,301.54605,124.51730,0,1000000000.00000,False,-1,0,False,177.02876
1,1000000000.00000,0.03500,3,248.38741,True,3,1,False,999999999.96500
1,1000000000.00000,151.74046,78,241.11108,False,-1,0,False,999999848.25954
1,196.17804,0.03500,0,1000000000.00000,True,0,1,False,196.14304
1,1000000000.00000,79.02309,0,1000000000.00000,False,-1,0,False,999999920.97691
1,1000000000.00000,54.63013,14,1000000000.00000,False,-1,0,False,999999945.36987
1,1000000000.00000,114.60944,161,1000000000.00000,False,-1,0,False,999999885.39056
1,1000000000.00000,114.39567,1,1000000000.00000,False,-1,0,False,999999885.60433
1,1000000000.00000,139.51216,6,1000000000.00000,False,-1,0,False,999999860.48784
1,1000000000.00000,87.24459,2,1000000000.00000,False,-1,0,False,999999912.75541
1,155.66695,0.03500,0,1000000000.00000,True,0,1,False,155.63195
1,191.57933,0.04000,0,1000000000.00000,True,0,1,False,191.53933
1,1000000000.00000,0.03500,0,1000000000.00000,True,0,1,False,999999999.96500
1,1000000000.00000,164.86433,167,1000000000.00000,False,-1,0,False,999999835.13567
1,1000000000.00000,170.31004,4,1000000000.00000,False,-1,0,False,999999829.68996
1,1000000000.00000,80.82795,5,1000000000.00000,False,-1,0,False,999999919.17205
2,1000000000.00000,167.02214,33,1000000000.00000,False,-1,0,False,999999832.97786
2,1000000000.00000,79.02808,6,1000000000.00000,False,-1,0,False,999999920.97192
2,1000000000.00000,193.40804,170,1000000000.00000,False,-1,0,False,999999806.59196
2,1000000000.00000,114.60944,150,270.73178,False,-1,0,False,999999885.39056
2,1000000000.00000,210.75766,204,1000000000.00000,False,-1,0,False,999999789.24234
2,743.48438,108.43366,0,1000000000.00000,False,-1,0,False,635.05071
2,1000000000.00000,185.24362,20,1000000000.00000,False,-1,0,False,999999814.75638
2,196.17804,154.54999,0,1000000000.00000,False,-1,0,False,41.62805
2,1000000000.00000,190.45891,141,1000000000.00000,False,-1,0,False,999999809.54109
2,1000000000.00000,188.26431,6,1000000000.00000,False,-1,0,False,999999811.73569
2,1000000000.00000,169.14342,6,1000000000.00000,False,-1,0,False,999999830.85658
2,1000000000.00000,141.20514,2,1000000000.00000,False,-1,0,False,999999858.79486
2,1000000000.00000,77.66930,6,1000000000.00000,False,-1,0,False,999999922.33070
2,1000000000.00000,185.77284,8,1000000000.00000,False,-1,0,False,999999814.22716
2,1468.93628,156.83012,2,1000000000.00000,False,-1,0,False,1312.10616
2,359.99847,146.13760,184,1000000000.00000,False,-1,0,False,213.86087
2,1000000000.00000,190.73061,72,1000000000.00000,False,-1,0,False,999999809.26939
2,1000000000.00000,150.63867,6,1000000000.00000,False,-1,0,False,999999849.36133
2,1000000000.00000,186.34303,174,1000000000.00000,False,-1,0,False,999999813.65697
2,1000000000.00000,75.31917,1,1000000000.00000,False,-1,0,False,999999924.68083
2,1000000000.00000,191.58934,58,1000000000.00000,False,-1,0,False,999999808.41066
2,1000000000.00000,141.69685,4,1000000000.00000,False,-1,0,False,999999858.30315
2,206.56729,132.44386,1,1000000000.00000,False,-1,0,False,74.12343
2,1000000000.00000,128.70856,3,1000000000.00000,False,-1,0,False,999999871.29144
2,1000000000.00000,204.40125,119,1000000000.00000,False,-1,0,False,999999795.59875
2,220.65407,0.03500,7,1000000000.00000,True,7,1,False,220.61907
2,263.66391,193.93866,6,1000000000.00000,False,-1,0,False,69.72525
2,1000000000.00000,164.06175,132,1000000000.00000,False,-1,0,False,999999835.93825
2,437.13730,89.99744,1,249.62746,False,-1,0,False,347.13985
2,1000000000.00000,217.40414,236,1000000000.00000,False,-1,0,False,999999782.59586
2,1000000000.00000,163.89708,78,1000000000.00000,False,-1,0,False,999999836.10292
2,314.95325,154.54500,0,1000000000.00000,False,-1,0,False,160.40825
2,1000000000.00000,154.53999,5,1000000000.00000,False,-1,0,False,999999845.46001
2,247.06230,128.20039,13,1000000000.00000,False,-1,0,False,118.86191
2,1000000000.00000,149.76202,3,1000000000.00000,False,-1,0,False,999999850.23798
2,1000000000.00000,110.30239,2,1000000000.00000,False,-1,0,False,999999889.69761
2,1000000000.00000,114.55596,22,1000000000.00000,False,-1,0,False,999999885.44404
2,1000000000.00000,141.21013,37,1000000000.00000,False,-1,0,False,999999858.78987
2,179.90605,107.30975,0,1000000000.00000,False,-1,0,False,72.59630
2,1000000000.00000,158.61731,175,1000000000.00000,False,-1,0,False,999999841.38269
2,226.82071,124.51730,0,1000000000.00000,False,-1,0,False,102.30341
2,1000000000.00000,147.49638,2,1000000000.00000,False,-1,0,False,999999852.50362
2,1000000000.00000,152.84464,172,249.62746,False,-1,0,False,999999847.15536
2,1000000000.00000,117.89084,12,1000000000.00000,False,-1,0,False,999999882.10916
2,1000000000.00000,124.22374,106,1000000000.00000,False,-1,0,False,999999875.77626
2,1000000000.00000,187.46010,16,250.42087,False,-1,0,False,999999812.53990
2,1000000000.00000,222.79979,59,1000000000.00000,False,-1,0,False,999999777.20021
2,1000000000.00000,178.43858,222,1000000000.00000,False,-1,0,False,999999821.56142
2,1000000000.00000,112.79987,126,233.07297,False,-1,0,False,999999887.20013
2,1000000000.00000,178.61301,0,1000000000.00000,False,-1,0,False,999999821.38699
2,1000000000.00000,124.22374,8,1000000000.00000,False,-1,0,False,999999875.77626
2,1000000000.00000,178.60800,6,1000000000.00000,False,-1,0,False,999999821.39200
2,1000000000.00000,133.24524,195,1000000000.00000,False,-1,0,False,999999866.75476
2,1000000000.00000,108.43366,2,1000000000.00000,False,-1,0,False,999999891.56634
2,1000000000.00000,127.17187,195,1000000000.00000,False,-1,0,False,999999872.82813
2,1000000000.00000,157.92603,4,1000000000.00000,False,-1,0,False,999999842.07397
2,1000000000.00000,154.52730,158,1000000000.00000,False,-1,0,False,999999845.47270
2,194.07130,134.96767,0,1000000000.00000,False,-1,0,False,59.10364
2,1000000000.00000,162.14517,28,1000000000.00000,False,-1,0,False,999999837.85483
2,1000000000.00000,186.38147,29,1000000000.00000,False,-1,0,False,999999813.61853
2,1000000000.00000,225.70593,4,1000000000.00000,False,-1,0,False,999999774.29407
2,1000000000.00000,184.35318,21,297.69730,False,-1,0,False,999999815.64682
2,1000000000.00000,54.63514,1,1000000000.00000,False,-1,0,False,999999945.36486
2,1000000000.00000,133.23824,5,1000000000.00000,False,-1,0,False,999999866.76176
2,1000000000.00000,0.03500,4,1000000000.00000,True,4,1,False,999999999.96500
2,1000000000.00000,185.85590,79,254.66896,False,-1,0,False,999999814.14410
2,1000000000.00000,121.51923,3,1000000000.00000,False,-1,0,False,999999878.48077
2,1000000000.00000,184.43854,73,1000000000.00000,False,-1,0,False,999999815.56146
2,1000000000.00000,55.09719,5,1000000000.00000,False,-1,0,False,999999944.90281
2,1000000000.00000,142.92310,24,1000000000.00000,False,-1,0,False,999999857.07690
2,1000000000.00000,123.85538,20,1000000000.00000,False,-1,0,False,999999876.14462
2,1000000000.00000,147.52138,91,1000000000.00000,False,-1,0,False,999999852.47862
2,1000000000.00000,55.52518,0,1000000000.00000,False,-1,0,False,999999944.47482
2,1000000000.00000,171.51128,5,1000000000.00000,False,-1,0,False,999999828.48872
2,1000000000.00000,108.63971,29,1000000000.00000,False,-1,0,False,999999891.36029
2,1000000000.00000,1000000000.00000,-1,1000000000.00000,False,-1,0,False,0.00000
2,1000000000.00000,158.59731,181,1000000000.00000,False,-1,0,False,999999841.40269
2,1000000000.00000,193.80446,38,1000000000.00000,False,-1,0,False,999999806.19554
2,1000000000.00000,192.82048,242,1000000000.00000,False,-1,0,False,999999807.17952
2,1000000000.00000,124.72794,50,1000000000.00000,False,-1,0,False,999999875.27206
2,244.88931,177.55191,0,1000000000.00000,False,-1,0,False,67.33740
2,1000000000.00000,79.02309,0,1000000000.00000,False,-1,0,False,999999920.97691
2,1000000000.00000,151.84418,63,1000000000.00000,False,-1,0,False,999999848.15582
2,1000000000.00000,114.39066,2,1000000000.00000,False,-1,0,False,999999885.60934
2,1000000000.00000,200.47687,7,1000000000.00000,False,-1,0,False,999999799.52313
2,1000000000.00000,156.82512,1,1000000000.00000,False,-1,0,False,999999843.17488
2,1000000000.00000,92.51377,5,1000000000.00000,False,-1,0,False,999999907.48623
2,1000000000.00000,130.73177,55,1000000000.00000,False,-1,0,False,999999869.26823
2,711.82397,169.87292,78,1000000000.00000,False,-1,0,False,541.95105
2,1000000000.00000,114.60944,114,1000000000.00000,False,-1,0,False,999999885.39056
2,1000000000.00000,114.63944,34,1000000000.00000,False,-1,0,False,999999885.36056
2,743.48438,106.68700,0,1000000000.00000,False,-1,0,False,636.79737
2,1000000000.00000,198.99890,87,1000000000.00000,False,-1,0,False,999999801.00110
2,292.69577,108.72710,1,1000000000.00000,False,-1,0,False,183.96867
2,1000000000.00000,117.79983,114,1000000000.00000,False,-1,0,False,999999882.20017
2,1000000000.00000,114.23463,117,1000000000.00000,False,-1,0,False,999999885.76537
2,1000000000.00000,181.48967,122,1000000000.00000,False,-1,0,False,999999818.51033
2,1000000000.00000,191.58434,249,1000000000.00000,False,-1,0,False,999999808.41566
2,236.58893,134.13847,0,1000000000.00000,False,-1,0,False,102.45045
2,1000000000.00000,203.19765,17,1000000000.00000,False,-1,0,False,999999796.80235
2,1000000000.00000,0.03500,5,1000000000.00000,True,5,1,False,999999999.96500
2,1000000000.00000,125.13200,25,1000000000.00000,False,-1,0,False,999999874.86800
2,1000000000.00000,141.20514,90,1000000000.00000,False,-1,0,False,999999858.79486
2,247.12906,149.92107,1,1000000000.00000,False,-1,0,False,97.20799
2,1000000000.00000,191.93384,101,1000000000.00000,False,-1,0,False,999999808.06616
2,1000000000.00000,205.16724,11,1000000000.00000,False,-1,0,False,999999794.83276
2,1000000000.00000,118.08333,2,1000000000.00000,False,-1,0,False,999999881.91667
2,1000000000.00000,102.66048,2,1000000000.00000,False,-1,0,False,999999897.33952
2,1000000000.00000,124.48439,217,1000000000.00000,False,-1,0,False,999999875.51561
2,1000000000.00000,184.68132,56,1000000000.00000,False,-1,0,False,999999815.31868
2,1000000000.00000,114.61445,201,1000000000.00000,False,-1,0,False,999999885.38555
2,1000000000.00000,83.86816,50,1000000000.00000,False,-1,0,False,999999916.13184
2,1000000000.00000,54.64513,1,1000000000.00000,False,-1,0,False,999999945.35487
2,1000000000.00000,181.49966,140,1000000000.00000,False,-1,0,False,999999818.50034
2,1000000000.00000,112.79254,217,1000000000.00000,False,-1,0,False,999999887.20746
2,1000000000.00000,114.60351,76,1000000000.00000,False,-1,0,False,999999885.39649
2,1000000000.00000,117.93491,148,1000000000.00000,False,-1,0,False,999999882.06509
2,1000000000.00000,87.80806,15,1000000000.00000,False,-1,0,False,999999912.19194
2,1000000000.00000,114.60351,126,1000000000.00000,False,-1,0,False,999999885.39649
2,1000000000.00000,54.64513,13,1000000000.00000,False,-1,0,False,999999945.35487
2,1000000000.00000,114.59851,198,240.59288,False,-1,0,False,999999885.40149
2,1000000000.00000,134.82616,17,238.41212,False,-1,0,False,999999865.17384
2,1000000000.00000,78.96581,23,1000000000.00000,False,-1,0,False,999999921.03419
2,1000000000.00000,169.13342,85,1000000000.00000,False,-1,0,False,999999830.86658
2,1000000000.00000,158.49162,16,1000000000.00000,False,-1,0,False,999999841.50838
2,172.92754,131.98381,109,1000000000.00000,False,-1,0,False,40.94373
2,1000000000.00000,160.13214,146,1000000000.00000,False,-1,0,False,999999839.86786
2,1000000000.00000,200.35759,5,1000000000.00000,False,-1,0,False,999999799.64241
2,1000000000.00000,180.67149,36,228.95653,False,-1,0,False,999999819.32851
2,1000000000.00000,133.90028,8,1000000000.00000,False,-1,0,False,999999866.09972
2,1000000000.00000,121.57457,2,1000000000.00000,False,-1,0,False,999999878.42543
2,1000000000.00000,205.47447,50,1000000000.00000,False,-1,0,False,999999794.52553
2,1000000000.00000,72.55892,8,1000000000.00000,False,-1,0,False,999999927.44108
2,1000000000.00000,114.62945,89,1000000000.00000,False,-1,0,False,999999885.37055
2,1000000000.00000,191.57933,159,1000000000.00000,False,-1,0,False,999999808.42067
2,1000000000.00000,144.74626,153,1000000000.00000,False,-1,0,False,999999855.25374
2,1000000000.00000,181.48967,97,1000000000.00000,False,-1,0,False,999999818.51033
2,1000000000.00000,158.49155,2,1000000000.00000,False,-1,0,False,999999841.50845
2,1000000000.00000,155.67195,4,1000000000.00000,False,-1,0,False,999999844.32805
2,1000000000.00000,191.55934,9,1000000000.00000,False,-1,0,False,999999808.44066
2,1000000000.00000,131.10947,1,1000000000.00000,False,-1,0,False,999999868.89053
2,1000000000.00000,192.42253,237,1000000000.00000,False,-1,0,False,999999807.57747
2,1000000000.00000,124.51730,2,1000000000.00000,False,-1,0,False,999999875.48270
2,661.54608,154.63342,153,273.30164,False,-1,0,False,506.91266
2,1468.93628,150.27626,1,1000000000.00000,False,-1,0,False,1318.66002
2,1000000000.00000,191.55934,214,1000000000.00000,False,-1,0,False,999999808.44066
2,1000000000.00000,134.14348,1,237.49091,False,-1,0,False,999999865.85652
2,1000000000.00000,0.04000,4,1000000000.00000,True,4,1,False,999999999.96000
2,95.76581,75.31917,0,1000000000.00000,False,-1,0,False,20.44664
2,1000000000.00000,100.91660,80,1000000000.00000,False,-1,0,False,999999899.08340
2,1506.92407,127.91438,156,1000000000.00000,False,-1,0,False,1379.00970
2,1000000000.00000,99.20850,2,1000000000.00000,False,-1,0,False,999999900.79150
2,1000000000.00000,155.67195,15,1000000000.00000,False,-1,0,False,999999844.32805
2,1000000000.00000,191.55934,88,1000000000.00000,False,-1,0,False,999999808.44066
2,218.86462,99.20850,0,1000000000.00000,False,-1,0,False,119.65612
2,1000000000.00000,191.00890,148,1000000000.00000,False,-1,0,False,999999808.99110
2,1000000000.00000,157.93103,2,1000000000.00000,False,-1,0,False,999999842.06897
2,1000000000.00000,150.10307,87,1000000000.00000,False,-1,0,False,999999849.89693
2,1000000000.00000,114.61945,62,249.63736,False,-1,0,False,999999885.38055
2,1000000000.00000,191.55934,208,1000000000.00000,False,-1,0,False,999999808.44066
2,1000000000.00000,161.24339,21,1000000000.00000,False,-1,0,False,999999838.75661
2,1000000000.00000,169.16342,167,1000000000.00000,False,-1,0,False,999999830.83658
2,242.79831,131.67606,9,1000000000.00000,False,-1,0,False,111.12225
2,1000000000.00000,54.64014,6,1000000000.00000,False,-1,0,False,999999945.35986
2,1000000000.00000,102.49744,68,1000000000.00000,False,-1,0,False,999999897.50256
2,1000000000.00000,175.05650,32,1000000000.00000,False,-1,0,False,999999824.94350
2,1000000000.00000,114.60944,223,1000000000.00000,False,-1,0,False,999999885.39056
2,1000000000.00000,178.96916,17,1000000000.00000,False,-1,0,False,999999821.03084
2,1000000000.00000,209.00554,29,1000000000.00000,False,-1,0,False,999999790.99446
2,1000000000.00000,203.69608,215,1000000000.00000,False,-1,0,False,999999796.30392
2,1000000000.00000,191.58434,112,1000000000.00000,False,-1,0,False,999999808.41566
2,1000000000.00000,138.04955,8,1000000000.00000,False,-1,0,False,999999861.95045
2,225.52650,134.14348,4,1000000000.00000,False,-1,0,False,91.38303
2,1000000000.00000,79.02309,1,1000000000.00000,False,-1,0,False,999999920.97691
2,1000000000.00000,182.36967,12,237.67636,False,-1,0,False,999999817.63033
2,1000000000.00000,57.58068,2,1000000000.00000,False,-1,0,False,999999942.41932
2,1000000000.00000,191.58440,40,1000000000.00000,False,-1,0,False,999999808.41560
2,1000000000.00000,121.57458,83,1000000000.00000,False,-1,0,False,999999878.42542
2,1000000000.00000,54.64013,14,1000000000.00000,False,-1,0,False,999999945.35987
2,1000000000.00000,167.23875,55,1000000000.00000,False,-1,0,False,999999832.76125
2,1000000000.00000,0.03500,4,1000000000.00000,True,4,2,False,999999999.96500
2,1000000000.00000,219.62752,19,1000000000.00000,False,-1,0,False,999999780.37248
2,1000000000.00000,149.93672,220,1000000000.00000,False,-1,0,False,999999850.06328
2,1000000000.00000,100.00762,119,1000000000.00000,False,-1,0,False,999999899.99238
2,1000000000.00000,114.60944,107,1000000000.00000,False,-1,0,False,999999885.39056
2,240.99416,0.03500,6,1000000000.00000,True,6,1,False,240.95916
2,1000000000.00000,79.80261,195,1000000000.00000,False,-1,0,False,999999920.19739
2,1000000000.00000,114.61445,57,1000000000.00000,False,-1,0,False,999999885.38555
2,1000000000.00000,187.46010,200,1000000000.00000,False,-1,0,False,999999812.53990
2,1000000000.00000,92.51377,2,1000000000.00000,False,-1,0,False,999999907.48623
2,1000000000.00000,218.55641,24,1000000000.00000,False,-1,0,False,999999781.44359
2,1000000000.00000,152.84486,210,1000000000.00000,False,-1,0,False,999999847.15514
2,1000000000.00000,118.85608,74,1000000000.00000,False,-1,0,False,999999881.14392
2,1000000000.00000,79.01809,131,1000000000.00000,False,-1,0,False,999999920.98191
2,222.17091,94.32764,0,1000000000.00000,False,-1,0,False,127.84328
2,1000000000.00000,147.49138,13,1000000000.00000,False,-1,0,False,999999852.50862
2,196.17804,0.03500,0,1000000000.00000,True,0,1,False,196.14304
2,1000000000.00000,108.43366,1,238.44179,False,-1,0,False,999999891.56634
2,712.10529,61.29493,0,1000000000.00000,False,-1,0,False,650.81035
2,1000000000.00000,155.08226,5,1000000000.00000,False,-1,0,False,999999844.91774
2,1000000000.00000,181.83420,90,1000000000.00000,False,-1,0,False,999999818.16580
2,1000000000.00000,107.30476,2,231.59906,False,-1,0,False,999999892.69524
2,1000000000.00000,180.74261,25,1000000000.00000,False,-1,0,False,999999819.25739
2,1000000000.00000,54.64513,2,249.63745,False,-1,0,False,999999945.35487
2,1000000000.00000,191.56934,24,1000000000.00000,False,-1,0,False,999999808.43066
2,1000000000.00000,103.38874,6,1000000000.00000,False,-1,0,False,999999896.61126
2,147.50139,99.20850,1,1000000000.00000,False,-1,0,False,48.29288
2,263.98795,171.96851,144,1000000000.00000,False,-1,0,False,92.01944
2,1000000000.00000,138.99400,3,1000000000.00000,False,-1,0,False,999999861.00600
2,1000000000.00000,217.15446,136,1000000000.00000,False,-1,0,False,999999782.84554
2,1000000000.00000,114.31120,7,1000000000.00000,False,-1,0,False,999999885.68880
2,1000000000.00000,213.66028,93,1000000000.00000,False,-1,0,False,999999786.33972
2,1000000000.00000,0.04000,4,1000000000.00000,True,4,1,False,999999999.96000
2,1000000000.00000,114.63351,157,1000000000.00000,False,-1,0,False,999999885.36649
2,1000000000.00000,0.03500,2,1000000000.00000,True,2,1,False,999999999.96500
2,1000000000.00000,133.42032,51,240.60873,False,-1,0,False,999999866.57968
2,1000000000.00000,144.63840,145,1000000000.00000,False,-1,0,False,999999855.36160
2,1000000000.00000,228.05357,21,1000000000.00000,False,-1,0,False,999999771.94643
2,1000000000.00000,125.51192,161,1000000000.00000,False,-1,0,False,999999874.48808
2,1000000000.00000,114.61351,3,1000000000.00000,False,-1,0,False,999999885.38649
2,247.32838,92.51877,0,261.53210,False,-1,0,False,154.80962
2,1000000000.00000,134.96126,1,1000000000.00000,False,-1,0,False,999999865.03874
2,1000000000.00000,188.90038,16,1000000000.00000,False,-1,0,False,999999811.09962
2,1000000000.00000,94.49542,199,1000000000.00000,False,-1,0,False,999999905.50458
2,1000000000.00000,54.63013,5,1000000000.00000,False,-1,0,False,999999945.36987
2,1000000000.00000,99.20850,0,1000000000.00000,False,-1,0,False,999999900.79150
2,1000000000.00000,134.13847,6,1000000000.00000,False,-1,0,False,999999865.86153
2,1504.80774,131.10947,2,1000000000.00000,False,-1,0,False,1373.69827
2,1000000000.00000,55.53017,2,1000000000.00000,False,-1,0,False,999999944.46983
2,273.14343,151.78082,21,1000000000.00000,False,-1,0,False,121.36261
2,1000000000.00000,193.85226,38,1000000000.00000,False,-1,0,False,999999806.14774
2,235.70280,79.01809,35,1000000000.00000,False,-1,0,False,156.68472
2,1000000000.00000,152.83986,203,1000000000.00000,False,-1,0,False,999999847.16014
2,240.61874,0.04500,4,1000000000.00000,True,4,1,False,240.57374
2,1000000000.00000,196.77351,124,1000000000.00000,False,-1,0,False,999999803.22649
2,1000000000.00000,185.90724,224,1000000000.00000,False,-1,0,False,999999814.09276
2,1000000000.00000,116.17284,1,1000000000.00000,False,-1,0,False,999999883.82716
2,1000000000.00000,148.67796,1,1000000000.00000,False,-1,0,False,999999851.32204
2,1000000000.00000,176.40224,18,1000000000.00000,False,-1,0,False,999999823.59776
2,1000000000.00000,191.57231,40,1000000000.00000,False,-1,0,False,999999808.42769
2,1000000000.00000,131.10947,52,1000000000.00000,False,-1,0,False,999999868.89053
2,1000000000.00000,172.93254,7,1000000000.00000,False,-1,0,False,999999827.06746
2,1000000000.00000,177.96902,12,1000000000.00000,False,-1,0,False,999999822.03098
2,1000000000.00000,129.59642,101,1000000000.00000,False,-1,0,False,999999870.40358
2,1000000000.00000,226.04770,49,1000000000.00000,False,-1,0,False,999999773.95230
2,364.36780,79.01809,7,1000000000.00000,False,-1,0,False,285.34971
2,193.15755,178.21512,26,1000000000.00000,False,-1,0,False,14.94243
2,134.13847,0.03500,0,1000000000.00000,True,0,1,False,134.10347
2,1000000000.00000,79.01809,5,248.21452,False,-1,0,False,999999920.98191
2,1000000000.00000,83.96362,61,246.61951,False,-1,0,False,999999916.03638
2,1000000000.00000,157.93103,2,1000000000.00000,False,-1,0,False,999999842.06897
2,1000000000.00000,191.57933,20,1000000000.00000,False,-1,0,False,999999808.42067
2,1000000000.00000,114.60851,114,1000000000.00000,False,-1,0,False,999999885.39149
2,1000000000.00000,90.00745,5,1000000000.00000,False,-1,0,False,999999909.99255
2,1000000000.00000,131.10947,4,1000000000.00000,False,-1,0,False,999999868.89053
2,1000000000.00000,141.50319,221,1000000000.00000,False,-1,0,False,999999858.49681
2,1000000000.00000,163.38055,3,1000000000.00000,False,-1,0,False,999999836.61945
2,1000000000.00000,212.91553,36,1000000000.00000,False,-1,0,False,999999787.08447
2,1000000000.00000,114.60851,158,1000000000.00000,False,-1,0,False,999999885.39149
2,1000000000.00000,104.64311,1,1000000000.00000,False,-1,0,False,999999895.35689
2,1000000000.00000,193.15755,80,240.83488,False,-1,0,False,999999806.84245
2,1000000000.00000,126.02690,98,1000000000.00000,False,-1,0,False,999999873.97310
2,1000000000.00000,181.49966,235,1000000000.00000,False,-1,0,False,999999818.50034
2,1000000000.00000,169.31795,19,1000000000.00000,False,-1,0,False,999999830.68205
2,1000000000.00000,150.64368,9,1000000000.00000,False,-1,0,False,999999849.35632
2,247.61195,131.11372,1,1000000000.00000,False,-1,0,False,116.49823
2,1000000000.00000,151.75598,14,1000000000.00000,False,-1,0,False,999999848.24402
2,1000000000.00000,124.77055,247,249.49500,False,-1,0,False,999999875.22945
2,1000000000.00000,87.24459,1,1000000000.00000,False,-1,0,False,999999912.75541
2,1000000000.00000,171.49361,121,1000000000.00000,False,-1,0,False,999999828.50639
2,1000000000.00000,89.01537,190,1000000000.00000,False,-1,0,False,999999910.98463
2,1000000000.00000,186.75781,8,1000000000.00000,False,-1,0,False,999999813.24219
2,1000000000.00000,159.59343,106,1000000000.00000,False,-1,0,False,999999840.40657
2,1000000000.00000,172.93755,225,1000000000.00000,False,-1,0,False,999999827.06245
2,1000000000.00000,163.89207,99,1000000000.00000,False,-1,0,False,999999836.10793
2,1000000000.00000,192.50313,57,1000000000.00000,False,-1,0,False,999999807.49687
2,1000000000.00000,169.13342,40,1000000000.00000,False,-1,0,False,999999830.86658
2,1000000000.00000,79.02309,4,1000000000.00000,False,-1,0,False,999999920.97691
2,1000000000.00000,54.64513,0,264.40714,False,-1,0,False,999999945.35487
2,1000000000.00000,157.51852,207,1000000000.00000,False,-1,0,False,999999842.48148
2,1000000000.00000,54.64005,1,1000000000.00000,False,-1,0,False,999999945.35995
2,4363.85059,185.05904,0,1000000000.00000,False,-1,0,False,4178.79155
2,1000000000.00000,217.75061,217,1000000000.00000,False,-1,0,False,999999782.24939
2,1000000000.00000,191.55934,102,1000000000.00000,False,-1,0,False,999999808.44066
2,1000000000.00000,216.57321,90,237.69635,False,-1,0,False,999999783.42679
2,1000000000.00000,185.90108,52,1000000000.00000,False,-1,0,False,999999814.09892
2,237.80670,178.60301,16,1000000000.00000,False,-1,0,False,59.20369
2,1000000000.00000,114.60351,222,1000000000.00000,False,-1,0,False,999999885.39649
2,1000000000.00000,79.01809,5,1000000000.00000,False,-1,0,False,999999920.98191
2,1000000000.00000,112.71098,10,1000000000.00000,False,-1,0,False,999999887.28902
2,1000000000.00000,205.48181,171,1000000000.00000,False,-1,0,False,999999794.51819
2,1000000000.00000,112.79254,81,1000000000.00000,False,-1,0,False,999999887.20746
2,1000000000.00000,114.18913,0,1000000000.00000,False,-1,0,False,999999885.81087
2,1000000000.00000,191.95056,195,243.47131,False,-1,0,False,999999808.04944
2,1000000000.00000,122.45325,24,240.59288,False,-1,0,False,999999877.54675
2,1000000000.00000,54.64013,1,276.85815,False,-1,0,False,999999945.35987
2,1000000000.00000,0.03500,4,1000000000.00000,True,4,1,False,999999999.96500
2,239.72281,52.73274,4,1000000000.00000,False,-1,0,False,186.99007
2,196.17804,90.24576,0,1000000000.00000,False,-1,0,False,105.93228
2,1000000000.00000,93.22343,47,1000000000.00000,False,-1,0,False,999999906.77657
2,1000000000.00000,158.61230,201,239.55525,False,-1,0,False,999999841.38770
2,803.36713,54.64013,0,1000000000.00000,False,-1,0,False,748.72699
2,1000000000.00000,169.13843,145,1000000000.00000,False,-1,0,False,999999830.86157
2,314.95325,114.60351,206,249.62746,False,-1,0,False,200.34974
2,1000000000.00000,162.55777,110,1000000000.00000,False,-1,0,False,999999837.44223
2,1000000000.00000,169.87793,12,17454.41797,False,-1,0,False,999999830.12207
2,1000000000.00000,180.07875,163,1000000000.00000,False,-1,0,False,999999819.92125
2,210.17976,116.17252,3,1000000000.00000,False,-1,0,False,94.00724
2,1000000000.00000,136.04518,20,1000000000.00000,False,-1,0,False,999999863.95482
2,1000000000.00000,105.61272,16,1000000000.00000,False,-1,0,False,999999894.38728
2,1000000000.00000,94.32764,3,1000000000.00000,False,-1,0,False,999999905.67236
2,285.77548,124.51730,1,1000000000.00000,False,-1,0,False,161.25819
2,1000000000.00000,117.79890,6,1000000000.00000,False,-1,0,False,999999882.20110
2,1000000000.00000,0.05000,4,243.60028,False,-1,0,False,999999999.95000
2,1000000000.00000,134.14348,4,1000000000.00000,False,-1,0,False,999999865.85652
2,1000000000.00000,117.77288,2,1000000000.00000,False,-1,0,False,999999882.22712
2,963.77130,102.66048,1,1000000000.00000,False,-1,0,False,861.11082
2,1000000000.00000,118.07333,1,1000000000.00000,False,-1,0,False,999999881.92667
2,152.29895,115.25083,1,1000000000.00000,False,-1,0,False,37.04812
2,1000000000.00000,134.96268,4,1000000000.00000,False,-1,0,False,999999865.03732
2,314.95325,157.93103,5,1000000000.00000,False,-1,0,False,157.02222
2,1000000000.00000,79.01309,69,1000000000.00000,False,-1,0,False,999999920.98691
2,1000000000.00000,54.64013,2,1000000000.00000,False,-1,0,False,999999945.35987
2,1000000000.00000,148.13364,62,1000000000.00000,False,-1,0,False,999999851.86636
2,1000000000.00000,179.67889,148,240.74252,False,-1,0,False,999999820.32111
2,1000000000.00000,114.60351,166,1000000000.00000,False,-1,0,False,999999885.39649
2,1000000000.00000,169.85793,201,1000000000.00000,False,-1,0,False,999999830.14207
2,1000000000.00000,54.64013,1,247.01015,False,-1,0,False,999999945.35987
2,1000000000.00000,160.19536,48,1000000000.00000,False,-1,0,False,999999839.80464
2,1000000000.00000,114.61445,38,1000000000.00000,False,-1,0,False,999999885.38555
2,1000000000.00000,186.67209,12,1000000000.00000,False,-1,0,False,999999813.32791
2,1000000000.00000,113.77388,0,1000000000.00000,False,-1,0,False,999999886.22612
2,141.67044,138.78668,0,1000000000.00000,False,-1,0,False,2.88376
2,1000000000.00000,172.75977,4,1000000000.00000,False,-1,0,False,999999827.24023
2,1000000000.00000,1000000000.00000,-1,1000000000.00000,False,-1,0,False,0.00000
2,1000000000.00000,188.17882,183,1000000000.00000,False,-1,0,False,999999811.82118
2,1000000000.00000,114.61945,30,1000000000.00000,False,-1,0,False,999999885.38055
2,1000000000.00000,114.20339,25,1000000000.00000,False,-1,0,False,999999885.79661
2,1000000000.00000,108.42867,4,1000000000.00000,False,-1,0,False,999999891.57133
2,1000000000.00000,118.24039,72,1000000000.00000,False,-1,0,False,999999881.75961
2,1000000000.00000,138.79169,9,1000000000.00000,False,-1,0,False,999999861.20831
2,1000000000.00000,120.48715,153,1000000000.00000,False,-1,0,False,999999879.51285
2,1000000000.00000,214.57663,113,1000000000.00000,False,-1,0,False,999999785.42337
2,240.61874,79.44348,33,248.46461,False,-1,0,False,161.17526
2,1000000000.00000,147.49638,205,1000000000.00000,False,-1,0,False,999999852.50362
2,1000000000.00000,87.80305,8,1000000000.00000,False,-1,0,False,999999912.19695
2,1000000000.00000,114.61945,141,1000000000.00000,False,-1,0,False,999999885.38055
2,1000000000.00000,114.60944,172,1000000000.00000,False,-1,0,False,999999885.39056
2,1000000000.00000,89.99744,2,249.62746,False,-1,0,False,999999910.00256
2,1000000000.00000,172.75652,66,1000000000.00000,False,-1,0,False,999999827.24348
2,1000000000.00000,170.17918,8,1000000000.00000,False,-1,0,False,999999829.82082
2,237.07170,152.15137,5,1000000000.00000,False,-1,0,False,84.92033
2,226.31982,95.76581,1,1000000000.00000,False,-1,0,False,130.55402
2,1000000000.00000,79.03310,3,1000000000.00000,False,-1,0,False,999999920.96690
2,1000000000.00000,92.51877,2,1000000000.00000,False,-1,0,False,999999907.48123
2,1000000000.00000,180.81700,87,252.33823,False,-1,0,False,999999819.18300
2,1000000000.00000,0.03500,5,1000000000.00000,True,5,2,False,999999999.96500
2,1000000000.00000,108.43366,2,497.63974,False,-1,0,False,999999891.56634
2,233.27214,112.81480,114,1000000000.00000,False,-1,0,False,120.45734
2,1000000000.00000,179.96902,197,1000000000.00000,False,-1,0,False,999999820.03098
2,257.52277,134.13847,2,1000000000.00000,False,-1,0,False,123.38429
2,1000000000.00000,156.84729,5,1000000000.00000,False,-1,0,False,999999843.15271
2,1000000000.00000,114.61445,117,1000000000.00000,False,-1,0,False,999999885.38555
2,1000000000.00000,189.41379,6,1000000000.00000,False,-1,0,False,999999810.58621
2,205.87492,102.66048,0,1000000000.00000,False,-1,0,False,103.21444
2,1000000000.00000,182.48648,57,1000000000.00000,False,-1,0,False,999999817.51352
2,1000000000.00000,111.19796,2,248.17082,False,-1,0,False,999999888.80204
2,1000000000.00000,87.70013,5,1000000000.00000,False,-1,0,False,999999912.29987
2,237.64935,114.69132,133,1000000000.00000,False,-1,0,False,122.95803
2,258.20761,114.61445,226,1000000000.00000,False,-1,0,False,143.59316
2,1000000000.00000,108.43366,1,1000000000.00000,False,-1,0,False,999999891.56634
2,1000000000.00000,190.68225,238,1000000000.00000,False,-1,0,False,999999809.31775
2,1000000000.00000,148.57590,95,1000000000.00000,False,-1,0,False,999999851.42410
2,1000000000.00000,121.52021,4,1000000000.00000,False,-1,0,False,999999878.47979
2,1000000000.00000,160.32341,0,1000000000.00000,False,-1,0,False,999999839.67659
2,1000000000.00000,114.60351,184,1000000000.00000,False,-1,0,False,999999885.39649
2,1000000000.00000,54.64513,2,1000000000.00000,False,-1,0,False,999999945.35487
2,1000000000.00000,155.81895,79,1000000000.00000,False,-1,0,False,999999844.18105
2,303.77164,116.50423,0,1000000000.00000,False,-1,0,False,187.26741
2,1000000000.00000,101.21849,82,1000000000.00000,False,-1,0,False,999999898.78151
2,1000000000.00000,158.98122,0,1000000000.00000,False,-1,0,False,999999841.01878
2,1000000000.00000,87.80305,5,244.67325,False,-1,0,False,999999912.19695
2,1000000000.00000,173.52014,74,1000000000.00000,False,-1,0,False,999999826.47986
2,1000000000.00000,131.10947,227,1000000000.00000,False,-1,0,False,999999868.89053
2,455.51419,160.95180,0,1000000000.00000,False,-1,0,False,294.56239
2,1000000000.00000,130.60530,28,237.68135,False,-1,0,False,999999869.39470
2,1000000000.00000,222.34959,229,1000000000.00000,False,-1,0,False,999999777.65041
2,408.36014,158.43256,0,1000000000.00000,False,-1,0,False,249.92758
2,262.52240,143.59447,0,266.99753,False,-1,0,False,118.92793
2,1000000000.00000,114.61945,176,1000000000.00000,False,-1,0,False,999999885.38055
2,1000000000.00000,141.21013,78,1000000000.00000,False,-1,0,False,999999858.78987
2,1000000000.00000,114.39567,242,1000000000.00000,False,-1,0,False,999999885.60433
2,1000000000.00000,102.48744,2,1000000000.00000,False,-1,0,False,999999897.51256
2,1000000000.00000,179.69835,167,1000000000.00000,False,-1,0,False,999999820.30165
2,1000000000.00000,55.52518,2,1000000000.00000,False,-1,0,False,999999944.47482
2,1000000000.00000,181.47966,214,1000000000.00000,False,-1,0,False,999999818.52034
2,1000000000.00000,173.07744,71,1000000000.00000,False,-1,0,False,999999826.92256
2,235.43466,152.86485,108,1000000000.00000,False,-1,0,False,82.56981
2,1000000000.00000,181.48466,122,1000000000.00000,False,-1,0,False,999999818.51534
2,1000000000.00000,185.90097,210,1000000000.00000,False,-1,0,False,999999814.09903
2,1000000000.00000,113.03690,194,1000000000.00000,False,-1,0,False,999999886.96310
2,219.65804,108.43366,0,1000000000.00000,False,-1,0,False,111.22437
2,1000000000.00000,138.77669,92,1000000000.00000,False,-1,0,False,999999861.22331
2,245.17201,100.91950,197,1000000000.00000,False,-1,0,False,144.25251
2,1000000000.00000,115.69939,167,1000000000.00000,False,-1,0,False,999999884.30061
2,1000000000.00000,79.19102,5,1000000000.00000,False,-1,0,False,999999920.80898
2,1000000000.00000,169.85793,47,238.39180,False,-1,0,False,999999830.14207
2,1000000000.00000,161.41594,27,1000000000.00000,False,-1,0,False,999999838.58406
2,1000000000.00000,79.02309,3,1000000000.00000,False,-1,0,False,999999920.97691
2,1000000000.00000,54.64013,0,1000000000.00000,False,-1,0,False,999999945.35987
2,1000000000.00000,222.06439,203,1000000000.00000,False,-1,0,False,999999777.93561
2,1000000000.00000,114.39567,3,237.71635,False,-1,0,False,999999885.60433
2,1000000000.00000,112.79254,90,1000000000.00000,False,-1,0,False,999999887.20746
2,1000000000.00000,92.51377,2,1000000000.00000,False,-1,0,False,999999907.48623
2,1000000000.00000,114.61445,222,240.59288,False,-1,0,False,999999885.38555
2,187.63167,110.30239,0,1000000000.00000,False,-1,0,False,77.32928
2,1000000000.00000,118.84529,5,1000000000.00000,False,-1,0,False,999999881.15471
2,1000000000.00000,114.60944,70,1000000000.00000,False,-1,0,False,999999885.39056
2,1000000000.00000,219.09586,23,1000000000.00000,False,-1,0,False,999999780.90414
2,248.39931,54.65014,0,1000000000.00000,False,-1,0,False,193.74917
2,1000000000.00000,198.01514,51,1000000000.00000,False,-1,0,False,999999801.98486
2,1000000000.00000,169.13342,116,1000000000.00000,False,-1,0,False,999999830.86658
2,1000000000.00000,0.03500,2,1000000000.00000,True,2,2,False,999999999.96500
2,1000000000.00000,127.68142,75,1000000000.00000,False,-1,0,False,999999872.31858
2,1000000000.00000,115.26086,1,1000000000.00000,False,-1,0,False,999999884.73914
2,632.73376,115.10262,210,1000000000.00000,False,-1,0,False,517.63114
2,241.39668,181.48466,140,1000000000.00000,False,-1,0,False,59.91202
2,196.17804,0.04000,4,245.14610,True,4,1,False,196.13804
2,1000000000.00000,162.74098,34,1000000000.00000,False,-1,0,False,999999837.25902
2,1000000000.00000,88.81639,2,1000000000.00000,False,-1,0,False,999999911.18361
2,1000000000.00000,96.73408,52,1000000000.00000,False,-1,0,False,999999903.26592
2,1000000000.00000,114.19416,2,241.96989,False,-1,0,False,999999885.80584
2,1000000000.00000,168.65672,1,1000000000.00000,False,-1,0,False,999999831.34328
2,1000000000.00000,156.93944,0,1000000000.00000,False,-1,0,False,999999843.06056
2,1000000000.00000,152.60449,2,1000000000.00000,False,-1,0,False,999999847.39551
2,1000000000.00000,127.31000,128,237.99048,False,-1,0,False,999999872.69000
2,1000000000.00000,80.82795,3,1000000000.00000,False,-1,0,False,999999919.17205
2,3679.84741,114.59851,231,1000000000.00000,False,-1,0,False,3565.24890
2,260.71811,108.43366,0,1000000000.00000,False,-1,0,False,152.28445
2,1000000000.00000,187.61256,237,1000000000.00000,False,-1,0,False,999999812.38744
2,1000000000.00000,114.91165,64,1000000000.00000,False,-1,0,False,999999885.08835
2,1000000000.00000,163.35728,72,226.89462,False,-1,0,False,999999836.64272
2,1000000000.00000,197.14961,75,1000000000.00000,False,-1,0,False,999999802.85039
2,1000000000.00000,87.80305,32,1000000000.00000,False,-1,0,False,999999912.19695
2,1000000000.00000,79.01637,2,1000000000.00000,False,-1,0,False,999999920.98363
2,1000000000.00000,151.99226,25,241.72374,False,-1,0,False,999999848.00774
2,1000000000.00000,44.68221,12,1000000000.00000,False,-1,0,False,999999955.31779
2,1000000000.00000,88.03637,8,266.42978,False,-1,0,False,999999911.96363
2,296.26419,134.13847,0,1000000000.00000,False,-1,0,False,162.12572
2,1000000000.00000,215.52824,15,1000000000.00000,False,-1,0,False,999999784.47176
2,1000000000.00000,213.33975,67,1000000000.00000,False,-1,0,False,999999786.66025
2,205.48776,131.94560,0,1000000000.00000,False,-1,0,False,73.54216
2,1000000000.00000,116.69749,174,1000000000.00000,False,-1,0,False,999999883.30251
2,1000000000.00000,79.01809,72,1000000000.00000,False,-1,0,False,999999920.98191
2,1000000000.00000,101.20288,50,1000000000.00000,False,-1,0,False,999999898.79712
2,368.54965,208.20926,60,1000000000.00000,False,-1,0,False,160.34039
2,1000000000.00000,157.92104,56,255.07060,False,-1,0,False,999999842.07896
2,1000000000.00000,115.01434,27,1000000000.00000,False,-1,0,False,999999884.98566
2,1000000000.00000,124.51730,1,1000000000.00000,False,-1,0,False,999999875.48270
2,1000000000.00000,215.72491,2,1000000000.00000,False,-1,0,False,999999784.27509
2,1000000000.00000,172.73630,217,1000000000.00000,False,-1,0,False,999999827.26370
2,246.86301,83.86246,9,1000000000.00000,False,-1,0,False,163.00055
2,1000000000.00000,147.49638,58,1000000000.00000,False,-1,0,False,999999852.50362
2,1000000000.00000,79.02309,1,1000000000.00000,False,-1,0,False,999999920.97691
2,1000000000.00000,54.51561,19,1000000000.00000,False,-1,0,False,999999945.48439
2,1000000000.00000,0.03500,2,1000000000.00000,True,2,2,False,999999999.96500
2,1000000000.00000,79.02309,2,1000000000.00000,False,-1,0,False,999999920.97691
2,1000000000.00000,166.58055,174,1000000000.00000,False,-1,0,False,999999833.41945
2,1000000000.00000,176.03485,5,1000000000.00000,False,-1,0,False,999999823.96515
2,1000000000.00000,0.03500,1,1000000000.00000,True,1,1,False,999999999.96500
2,1000000000.00000,124.53230,65,1000000000.00000,False,-1,0,False,999999875.46770
2,1000000000.00000,204.43422,6,1000000000.00000,False,-1,0,False,999999795.56578
2,1000000000.00000,201.89020,212,1000000000.00000,False,-1,0,False,999999798.10980
2,1000000000.00000,114.63445,33,1000000000.00000,False,-1,0,False,999999885.36555
2,208.84283,181.95702,1,1000000000.00000,False,-1,0,False,26.88582
2,1000000000.00000,55.52518,0,1000000000.00000,False,-1,0,False,999999944.47482
2,1000000000.00000,171.19362,8,1000000000.00000,False,-1,0,False,999999828.80638
2,1000000000.00000,54.64513,1,1000000000.00000,False,-1,0,False,999999945.35487
2,1000000000.00000,79.01308,6,237.67636,False,-1,0,False,999999920.98692
2,1000000000.00000,184.57433,29,1000000000.00000,False,-1,0,False,999999815.42567
2,1000000000.00000,57.29631,3,1000000000.00000,False,-1,0,False,999999942.70369
2,1000000000.00000,89.99744,2,1000000000.00000,False,-1,0,False,999999910.00256
2,330.81473,178.61801,0,1000000000.00000,False,-1,0,False,152.19672
2,1000000000.00000,113.29350,46,1000000000.00000,False,-1,0,False,999999886.70650
2,1000000000.00000,84.70797,1,1000000000.00000,False,-1,0,False,999999915.29203
2,1000000000.00000,79.01809,7,1000000000.00000,False,-1,0,False,999999920.98191
2,1000000000.00000,101.31597,0,1000000000.00000,False,-1,0,False,999999898.68403
2,1000000000.00000,153.00169,180,233.07297,False,-1,0,False,999999846.99831
2,1000000000.00000,143.59947,2,1000000000.00000,False,-1,0,False,999999856.40053
2,1000000000.00000,165.44411,245,1000000000.00000,False,-1,0,False,999999834.55589
2,1000000000.00000,165.44902,22,1000000000.00000,False,-1,0,False,999999834.55098
2,1000000000.00000,203.46683,111,1000000000.00000,False,-1,0,False,999999796.53317
2,1000000000.00000,79.02309,3,1000000000.00000,False,-1,0,False,999999920.97691
2,1000000000.00000,185.27908,20,1000000000.00000,False,-1,0,False,999999814.72092
2,1000000000.00000,75.31917,2,1000000000.00000,False,-1,0,False,999999924.68083
2,1000000000.00000,171.55009,39,1000000000.00000,False,-1,0,False,999999828.44991
2,1000000000.00000,79.02309,3,1000000000.00000,False,-1,0,False,999999920.97691
2,1000000000.00000,165.42410,131,1000000000.00000,False,-1,0,False,999999834.57590
2,1000000000.00000,178.96614,4,1000000000.00000,False,-1,0,False,999999821.03386
2,1000000000.00000,126.39269,133,1000000000.00000,False,-1,0,False,999999873.60731
3,1000000000.00000,55.96727,13,1000000000.00000,False,-1,0,False,999999944.03273
3,1000000000.00000,128.45560,95,1000000000.00000,False,-1,0,False,999999871.54440
3,1000000000.00000,151.33234,38,1000000000.00000,False,-1,0,False,999999848.66766
3,1000000000.00000,159.33830,146,247.30235,False,-1,0,False,999999840.66170
3,1000000000.00000,186.64738,126,1000000000.00000,False,-1,0,False,999999813.35262
3,1000000000.00000,191.12056,62,1000000000.00000,False,-1,0,False,999999808.87944
3,1000000000.00000,226.35204,42,1000000000.00000,False,-1,0,False,999999773.64796
3,1000000000.00000,59.38111,21,1000000000.00000,False,-1,0,False,999999940.61889
3,1000000000.00000,159.51669,21,237.70636,False,-1,0,False,999999840.48331
3,1000000000.00000,151.31738,181,1000000000.00000,False,-1,0,False,999999848.68262
3,1000000000.00000,185.18282,179,1000000000.00000,False,-1,0,False,999999814.81718
3,1000000000.00000,159.38638,136,1000000000.00000,False,-1,0,False,999999840.61362
3,1000000000.00000,112.79754,76,1000000000.00000,False,-1,0,False,999999887.20246
3,1000000000.00000,144.91887,15,3500.50952,False,-1,0,False,999999855.08113
3,1000000000.00000,197.54381,2,1000000000.00000,False,-1,0,False,999999802.45619
3,1000000000.00000,105.28757,64,1000000000.00000,False,-1,0,False,999999894.71243
3,203.18295,148.90485,0,1000000000.00000,False,-1,0,False,54.27811
3,1000000000.00000,87.80305,170,1000000000.00000,False,-1,0,False,999999912.19695
3,1000000000.00000,124.22374,220,1000000000.00000,False,-1,0,False,999999875.77626
3,1000000000.00000,145.16357,5,1000000000.00000,False,-1,0,False,999999854.83643
3,168.55295,100.66407,0,1000000000.00000,False,-1,0,False,67.88888
3,1000000000.00000,110.04039,10,1000000000.00000,False,-1,0,False,999999889.95961
3,1000000000.00000,108.43366,1,1000000000.00000,False,-1,0,False,999999891.56634
3,1000000000.00000,223.89012,9,1000000000.00000,False,-1,0,False,999999776.10988
3,1000000000.00000,162.74776,13,1000000000.00000,False,-1,0,False,999999837.25224
3,1000000000.00000,106.23772,42,1000000000.00000,False,-1,0,False,999999893.76228
3,1000000000.00000,214.56664,48,1000000000.00000,False,-1,0,False,999999785.43336
3,1000000000.00000,114.60944,180,1000000000.00000,False,-1,0,False,999999885.39056
3,1000000000.00000,179.59995,123,1000000000.00000,False,-1,0,False,999999820.40005
3,1000000000.00000,141.49150,205,1000000000.00000,False,-1,0,False,999999858.50850
3,1000000000.00000,133.80528,62,1000000000.00000,False,-1,0,False,999999866.19472
3,1000000000.00000,151.84453,42,240.75426,False,-1,0,False,999999848.15547
3,1000000000.00000,151.32738,3,1000000000.00000,False,-1,0,False,999999848.67262
3,1000000000.00000,156.70660,8,1000000000.00000,False,-1,0,False,999999843.29340
3,1000000000.00000,191.58434,201,1000000000.00000,False,-1,0,False,999999808.41566
3,1000000000.00000,191.59232,28,1000000000.00000,False,-1,0,False,999999808.40768
3,1000000000.00000,99.91930,1,1000000000.00000,False,-1,0,False,999999900.08070
3,1000000000.00000,167.98759,9,1000000000.00000,False,-1,0,False,999999832.01241
3,1000000000.00000,158.49162,2,1000000000.00000,False,-1,0,False,999999841.50838
3,1000000000.00000,127.04903,2,1000000000.00000,False,-1,0,False,999999872.95097
3,1000000000.00000,90.47886,242,1000000000.00000,False,-1,0,False,999999909.52114
3,1000000000.00000,195.50011,72,1000000000.00000,False,-1,0,False,999999804.49989
3,1000000000.00000,169.13841,74,249.62746,False,-1,0,False,999999830.86159
3,1000000000.00000,178.48470,14,1000000000.00000,False,-1,0,False,999999821.51530
3,1000000000.00000,181.43643,48,1000000000.00000,False,-1,0,False,999999818.56357
3,1000000000.00000,195.72420,22,1000000000.00000,False,-1,0,False,999999804.27580
3,235.23122,124.51730,0,1000000000.00000,False,-1,0,False,110.71392
3,240.92886,79.02309,0,1000000000.00000,False,-1,0,False,161.90578
3,1000000000.00000,218.31082,54,1000000000.00000,False,-1,0,False,999999781.68918
3,1000000000.00000,169.13342,7,1000000000.00000,False,-1,0,False,999999830.86658
3,1000000000.00000,151.75073,213,1000000000.00000,False,-1,0,False,999999848.24927
3,1000000000.00000,189.67642,12,1000000000.00000,False,-1,0,False,999999810.32358
3,1000000000.00000,183.90515,55,244.89810,False,-1,0,False,999999816.09485
3,1000000000.00000,112.79254,146,264.40714,False,-1,0,False,999999887.20746
3,1000000000.00000,152.55925,71,1000000000.00000,False,-1,0,False,999999847.44075
3,1000000000.00000,115.06179,96,249.64746,False,-1,0,False,999999884.93821
3,1000000000.00000,124.70793,185,1000000000.00000,False,-1,0,False,999999875.29207
3,1000000000.00000,202.19006,38,1000000000.00000,False,-1,0,False,999999797.80994
3,1000000000.00000,197.16512,85,1000000000.00000,False,-1,0,False,999999802.83488
3,1000000000.00000,181.48466,225,1000000000.00000,False,-1,0,False,999999818.51534
3,1000000000.00000,181.47966,176,1000000000.00000,False,-1,0,False,999999818.52034
3,1000000000.00000,159.79724,230,1000000000.00000,False,-1,0,False,999999840.20276
3,1000000000.00000,148.12863,19,1000000000.00000,False,-1,0,False,999999851.87137
3,1000000000.00000,196.77258,113,1000000000.00000,False,-1,0,False,999999803.22742
3,1000000000.00000,130.22650,123,1000000000.00000,False,-1,0,False,999999869.77350
3,1000000000.00000,180.94229,199,1000000000.00000,False,-1,0,False,999999819.05771
3,1000000000.00000,172.94254,168,1000000000.00000,False,-1,0,False,999999827.05746
3,1000000000.00000,88.82139,1,1000000000.00000,False,-1,0,False,999999911.17861
3,1000000000.00000,213.19855,131,1000000000.00000,False,-1,0,False,999999786.80145
3,1000000000.00000,114.60944,44,237.70636,False,-1,0,False,999999885.39056
3,1000000000.00000,214.64349,21,1000000000.00000,False,-1,0,False,999999785.35651
3,1000000000.00000,179.21474,199,235.67395,False,-1,0,False,999999820.78526
3,1000000000.00000,174.59396,5,1000000000.00000,False,-1,0,False,999999825.40604
3,1000000000.00000,167.44121,3,1000000000.00000,False,-1,0,False,999999832.55879
3,1000000000.00000,214.58664,127,1000000000.00000,False,-1,0,False,999999785.41336
3,1000000000.00000,213.25871,12,1000000000.00000,False,-1,0,False,999999786.74129
3,1000000000.00000,158.66960,35,1000000000.00000,False,-1,0,False,999999841.33040
3,1000000000.00000,188.15347,245,1000000000.00000,False,-1,0,False,999999811.84653
3,1000000000.00000,178.60301,14,1000000000.00000,False,-1,0,False,999999821.39699
3,1000000000.00000,126.20039,30,238.21138,False,-1,0,False,999999873.79961
3,1000000000.00000,108.43366,3,1000000000.00000,False,-1,0,False,999999891.56634
3,1000000000.00000,115.68969,51,1000000000.00000,False,-1,0,False,999999884.31031
3,1000000000.00000,160.07942,71,1000000000.00000,False,-1,0,False,999999839.92058
3,1000000000.00000,154.53999,2,233.07297,False,-1,0,False,999999845.46001
3,1000000000.00000,218.46384,23,1000000000.00000,False,-1,0,False,999999781.53616
3,1000000000.00000,191.60434,99,1000000000.00000,False,-1,0,False,999999808.39566
3,1000000000.00000,112.80474,74,1000000000.00000,False,-1,0,False,999999887.19526
3,1000000000.00000,114.61852,164,1000000000.00000,False,-1,0,False,999999885.38148
3,6535.80420,207.42644,0,1000000000.00000,False,-1,0,False,6328.37776
3,1000000000.00000,114.59851,65,1000000000.00000,False,-1,0,False,999999885.40149
3,1000000000.00000,157.92104,170,1000000000.00000,False,-1,0,False,999999842.07896
3,368.75095,154.73508,1,240.61787,False,-1,0,False,214.01587
3,1000000000.00000,131.10947,5,1000000000.00000,False,-1,0,False,999999868.89053
3,1000000000.00000,176.33644,163,1000000000.00000,False,-1,0,False,999999823.66356
3,1000000000.00000,126.68806,10,1000000000.00000,False,-1,0,False,999999873.31194
3,1000000000.00000,203.67293,68,1000000000.00000,False,-1,0,False,999999796.32707
3,1000000000.00000,156.82512,17,1000000000.00000,False,-1,0,False,999999843.17488
3,1000000000.00000,197.03975,101,1000000000.00000,False,-1,0,False,999999802.96025
3,1000000000.00000,114.60944,124,1000000000.00000,False,-1,0,False,999999885.39056
3,1000000000.00000,134.13847,18,1000000000.00000,False,-1,0,False,999999865.86153
3,1000000000.00000,112.80255,2,74028.39844,False,-1,0,False,999999887.19745
3,236.73244,131.11447,7,1000000000.00000,False,-1,0,False,105.61797
3,1000000000.00000,196.89372,110,1000000000.00000,False,-1,0,False,999999803.10628
3,1000000000.00000,79.01809,187,1000000000.00000,False,-1,0,False,999999920.98191
3,263.66391,196.17804,9,1000000000.00000,False,-1,0,False,67.48587
3,1000000000.00000,114.60351,134,1000000000.00000,False,-1,0,False,999999885.39649
3,274.71585,135.03694,123,1000000000.00000,False,-1,0,False,139.67891
3,1000000000.00000,179.58167,77,1000000000.00000,False,-1,0,False,999999820.41833
3,1000000000.00000,114.62444,27,1000000000.00000,False,-1,0,False,999999885.37556
3,1000000000.00000,184.22783,66,1000000000.00000,False,-1,0,False,999999815.77217
3,1000000000.00000,110.60835,185,239.77116,False,-1,0,False,999999889.39165
3,1000000000.00000,126.20957,106,1000000000.00000,False,-1,0,False,999999873.79043
3,1000000000.00000,155.67194,3,1000000000.00000,False,-1,0,False,999999844.32806
3,1000000000.00000,178.06554,3,249.63246,False,-1,0,False,999999821.93446
3,1000000000.00000,215.93939,206,1000000000.00000,False,-1,0,False,999999784.06061
3,1000000000.00000,165.60100,209,1000000000.00000,False,-1,0,False,999999834.39900
3,1000000000.00000,173.30154,51,1000000000.00000,False,-1,0,False,999999826.69846
3,1000000000.00000,205.29854,196,1000000000.00000,False,-1,0,False,999999794.70146
3,1000000000.00000,140.01624,30,249.66246,False,-1,0,False,999999859.98376
3,1000000000.00000,101.64579,221,1000000000.00000,False,-1,0,False,999999898.35421
3,1000000000.00000,158.56271,206,1000000000.00000,False,-1,0,False,999999841.43729
3,1000000000.00000,135.00783,4,1000000000.00000,False,-1,0,False,999999864.99217
3,249.22446,141.50418,220,1000000000.00000,False,-1,0,False,107.72028
3,1000000000.00000,186.69998,117,1000000000.00000,False,-1,0,False,999999813.30002
3,243.21109,99.21351,1,1000000000.00000,False,-1,0,False,143.99758
3,1000000000.00000,131.94560,3,1000000000.00000,False,-1,0,False,999999868.05440
3,1000000000.00000,179.31830,178,1000000000.00000,False,-1,0,False,999999820.68170
3,242.25597,191.57434,31,265.49686,False,-1,0,False,50.68163
3,1000000000.00000,114.86143,90,1000000000.00000,False,-1,0,False,999999885.13857
3,1000000000.00000,104.50556,242,1000000000.00000,False,-1,0,False,999999895.49444
3,1000000000.00000,186.04953,127,233.14807,False,-1,0,False,999999813.95047
3,1000000000.00000,114.71046,9,1000000000.00000,False,-1,0,False,999999885.28954
3,1000000000.00000,147.49138,20,1000000000.00000,False,-1,0,False,999999852.50862
3,1000000000.00000,157.92603,24,1000000000.00000,False,-1,0,False,999999842.07397
3,248.23714,131.10947,4,221.90367,False,-1,0,False,117.12767
3,1000000000.00000,113.81600,48,1000000000.00000,False,-1,0,False,999999886.18400
3,1000000000.00000,163.47005,92,1000000000.00000,False,-1,0,False,999999836.52995
3,1000000000.00000,97.92170,36,1000000000.00000,False,-1,0,False,999999902.07830
3,1000000000.00000,143.59447,0,1000000000.00000,False,-1,0,False,999999856.40553
3,1000000000.00000,114.67604,83,1000000000.00000,False,-1,0,False,999999885.32396
3,1000000000.00000,174.73883,28,1000000000.00000,False,-1,0,False,999999825.26117
3,1000000000.00000,140.82278,64,1000000000.00000,False,-1,0,False,999999859.17722
3,1000000000.00000,140.08078,19,1000000000.00000,False,-1,0,False,999999859.91922
3,1000000000.00000,213.15549,119,1000000000.00000,False,-1,0,False,999999786.84451
3,1000000000.00000,176.42188,95,1000000000.00000,False,-1,0,False,999999823.57812
3,1000000000.00000,235.91269,83,1000000000.00000,False,-1,0,False,999999764.08731
3,1000000000.00000,108.44366,7,1000000000.00000,False,-1,0,False,999999891.55634
3,1000000000.00000,191.60434,101,1000000000.00000,False,-1,0,False,999999808.39566
3,1000000000.00000,102.77592,141,1000000000.00000,False,-1,0,False,999999897.22408
3,1000000000.00000,180.16539,77,1000000000.00000,False,-1,0,False,999999819.83461
3,1000000000.00000,108.43366,2,1000000000.00000,False,-1,0,False,999999891.56634
3,1000000000.00000,126.71322,36,1000000000.00000,False,-1,0,False,999999873.28678
3,1000000000.00000,131.90207,231,1000000000.00000,False,-1,0,False,999999868.09793
3,245.31020,181.21359,239,1000000000.00000,False,-1,0,False,64.09660
3,1000000000.00000,141.80913,74,1000000000.00000,False,-1,0,False,999999858.19087
3,1000000000.00000,194.10422,222,1000000000.00000,False,-1,0,False,999999805.89578
3,1000000000.00000,193.90121,223,1000000000.00000,False,-1,0,False,999999806.09879
3,1000000000.00000,179.41743,69,1000000000.00000,False,-1,0,False,999999820.58257
3,1000000000.00000,99.21351,2,253.26788,False,-1,0,False,999999900.78649
3,1000000000.00000,186.35130,203,1000000000.00000,False,-1,0,False,999999813.64870
3,1000000000.00000,195.12959,82,1000000000.00000,False,-1,0,False,999999804.87041
3,1000000000.00000,216.47134,225,1000000000.00000,False,-1,0,False,999999783.52866
3,513.33704,54.65014,0,1000000000.00000,False,-1,0,False,458.68690
3,1000000000.00000,163.35728,133,1000000000.00000,False,-1,0,False,999999836.64272
3,242.73209,101.32207,2,1000000000.00000,False,-1,0,False,141.41002
3,1000000000.00000,107.30476,27,1000000000.00000,False,-1,0,False,999999892.69524
3,1000000000.00000,79.01308,82,1000000000.00000,False,-1,0,False,999999920.98692
3,1000000000.00000,179.68877,51,1000000000.00000,False,-1,0,False,999999820.31123
3,1000000000.00000,196.17122,20,1000000000.00000,False,-1,0,False,999999803.82878
3,1000000000.00000,158.49162,1,1000000000.00000,False,-1,0,False,999999841.50838
3,242.41507,123.78638,12,1000000000.00000,False,-1,0,False,118.62868
3,1000000000.00000,199.23251,61,273.02170,False,-1,0,False,999999800.76749
3,1000000000.00000,147.50134,209,1000000000.00000,False,-1,0,False,999999852.49866
3,1000000000.00000,188.91425,179,1000000000.00000,False,-1,0,False,999999811.08575
3,137.32063,114.59851,111,1000000000.00000,False,-1,0,False,22.72212
3,1000000000.00000,208.56917,85,1000000000.00000,False,-1,0,False,999999791.43083
3,296.26419,178.61801,0,228.59384,False,-1,0,False,117.64618
3,1000000000.00000,79.01308,38,1000000000.00000,False,-1,0,False,999999920.98692
3,1000000000.00000,193.22725,106,1000000000.00000,False,-1,0,False,999999806.77275
3,251.78397,158.48161,1,239.08662,False,-1,0,False,93.30235
3,1000000000.00000,84.26707,145,1000000000.00000,False,-1,0,False,999999915.73293
3,1000000000.00000,122.97822,2,1000000000.00000,False,-1,0,False,999999877.02178
3,1000000000.00000,175.70857,44,1000000000.00000,False,-1,0,False,999999824.29143
3,1000000000.00000,176.40224,0,1000000000.00000,False,-1,0,False,999999823.59776
3,1000000000.00000,169.15343,74,1000000000.00000,False,-1,0,False,999999830.84657
3,270.77866,194.90036,78,1000000000.00000,False,-1,0,False,75.87830
3,1000000000.00000,197.73830,160,1000000000.00000,False,-1,0,False,999999802.26170
3,1000000000.00000,178.13559,187,1000000000.00000,False,-1,0,False,999999821.86441
3,1000000000.00000,147.51138,233,1000000000.00000,False,-1,0,False,999999852.48862
3,1000000000.00000,141.20514,71,1000000000.00000,False,-1,0,False,999999858.79486
3,1000000000.00000,155.62492,5,1000000000.00000,False,-1,0,False,999999844.37508
3,1000000000.00000,126.41360,96,249.62746,False,-1,0,False,999999873.58640
3,1000000000.00000,133.90028,1,1000000000.00000,False,-1,0,False,999999866.09972
3,1000000000.00000,211.09590,175,1000000000.00000,False,-1,0,False,999999788.90410
3,1000000000.00000,182.39468,234,1000000000.00000,False,-1,0,False,999999817.60532
3,1000000000.00000,177.22835,181,1000000000.00000,False,-1,0,False,999999822.77165
3,1000000000.00000,115.35812,59,1000000000.00000,False,-1,0,False,999999884.64188
3,1000000000.00000,148.12863,50,1000000000.00000,False,-1,0,False,999999851.87137
3,1000000000.00000,216.93661,72,1000000000.00000,False,-1,0,False,999999783.06339
3,1000000000.00000,219.63745,188,1000000000.00000,False,-1,0,False,999999780.36255
3,1000000000.00000,169.14336,241,1000000000.00000,False,-1,0,False,999999830.85664
3,1000000000.00000,124.52230,2,1000000000.00000,False,-1,0,False,999999875.47770
3,1000000000.00000,146.73517,19,1000000000.00000,False,-1,0,False,999999853.26483
3,1000000000.00000,181.47966,151,1000000000.00000,False,-1,0,False,999999818.52034
3,1000000000.00000,91.43900,157,1000000000.00000,False,-1,0,False,999999908.56100
3,1000000000.00000,162.80132,149,1000000000.00000,False,-1,0,False,999999837.19868
3,1000000000.00000,172.01193,24,227.86179,False,-1,0,False,999999827.98807
3,1000000000.00000,133.49232,4,1000000000.00000,False,-1,0,False,999999866.50768
3,1000000000.00000,200.60371,28,1000000000.00000,False,-1,0,False,999999799.39629
3,1000000000.00000,118.01046,154,1000000000.00000,False,-1,0,False,999999881.98954
3,1000000000.00000,237.05603,231,1000000000.00000,False,-1,0,False,999999762.94397
3,1000000000.00000,141.21013,86,1000000000.00000,False,-1,0,False,999999858.78987
3,1000000000.00000,144.29959,7,1000000000.00000,False,-1,0,False,999999855.70041
3,1000000000.00000,188.41191,159,1000000000.00000,False,-1,0,False,999999811.58809
3,1000000000.00000,102.66048,3,1000000000.00000,False,-1,0,False,999999897.33952
3,1000000000.00000,114.60944,172,247.22772,False,-1,0,False,999999885.39056
3,1000000000.00000,158.97121,128,1000000000.00000,False,-1,0,False,999999841.02879
3,1000000000.00000,131.10947,19,1000000000.00000,False,-1,0,False,999999868.89053
3,1000000000.00000,114.60351,52,1000000000.00000,False,-1,0,False,999999885.39649
3,1000000000.00000,205.80154,4,1000000000.00000,False,-1,0,False,999999794.19846
3,247.10143,153.00168,6,1000000000.00000,False,-1,0,False,94.09975
3,1000000000.00000,114.62351,181,1000000000.00000,False,-1,0,False,999999885.37649
3,1000000000.00000,109.21133,43,1000000000.00000,False,-1,0,False,999999890.78867
3,1000000000.00000,189.96759,240,1000000000.00000,False,-1,0,False,999999810.03241
3,1000000000.00000,169.15341,19,1000000000.00000,False,-1,0,False,999999830.84659
3,1000000000.00000,208.01791,3,1000000000.00000,False,-1,0,False,999999791.98209
3,230.86148,150.27626,0,1000000000.00000,False,-1,0,False,80.58522
3,1000000000.00000,185.02367,233,1000000000.00000,False,-1,0,False,999999814.97633
3,1000000000.00000,144.51793,31,1000000000.00000,False,-1,0,False,999999855.48207
3,1000000000.00000,123.99950,169,1000000000.00000,False,-1,0,False,999999876.00050
3,1000000000.00000,219.71941,17,1000000000.00000,False,-1,0,False,999999780.28059
3,1000000000.00000,171.50627,119,1000000000.00000,False,-1,0,False,999999828.49373
3,1000000000.00000,141.20514,199,1000000000.00000,False,-1,0,False,999999858.79486
3,1000000000.00000,123.06261,121,1000000000.00000,False,-1,0,False,999999876.93739
3,1000000000.00000,147.84515,104,1000000000.00000,False,-1,0,False,999999852.15485
3,1000000000.00000,114.60944,7,1000000000.00000,False,-1,0,False,999999885.39056
3,1000000000.00000,114.61945,151,249.89519,False,-1,0,False,999999885.38055
3,1000000000.00000,126.33309,2,1000000000.00000,False,-1,0,False,999999873.66691
3,1000000000.00000,162.64323,43,1000000000.00000,False,-1,0,False,999999837.35677
3,189.41222,106.78801,0,1000000000.00000,False,-1,0,False,82.62421
3,1000000000.00000,0.03500,5,1000000000.00000,True,5,1,False,999999999.96500
3,1000000000.00000,188.03886,11,1000000000.00000,False,-1,0,False,999999811.96114
3,1000000000.00000,188.75578,8,1000000000.00000,False,-1,0,False,999999811.24422
3,1000000000.00000,149.30222,4,1000000000.00000,False,-1,0,False,999999850.69778
3,1000000000.00000,78.94865,11,1000000000.00000,False,-1,0,False,999999921.05135
3,1000000000.00000,157.81589,72,1000000000.00000,False,-1,0,False,999999842.18411
3,1000000000.00000,191.57933,205,1000000000.00000,False,-1,0,False,999999808.42067
3,1000000000.00000,102.49244,1,1000000000.00000,False,-1,0,False,999999897.50756
3,1000000000.00000,106.26983,126,1000000000.00000,False,-1,0,False,999999893.73017
3,1000000000.00000,114.69105,61,237.67636,False,-1,0,False,999999885.30895
3,1000000000.00000,83.84537,70,1000000000.00000,False,-1,0,False,999999916.15463
3,1000000000.00000,169.15842,20,1000000000.00000,False,-1,0,False,999999830.84158
3,1000000000.00000,182.25807,19,1000000000.00000,False,-1,0,False,999999817.74193
3,1000000000.00000,213.33545,85,1000000000.00000,False,-1,0,False,999999786.66455
3,1000000000.00000,141.21513,25,1000000000.00000,False,-1,0,False,999999858.78487
3,1000000000.00000,153.69788,11,1000000000.00000,False,-1,0,False,999999846.30212
3,1000000000.00000,114.61852,133,1000000000.00000,False,-1,0,False,999999885.38148
3,1000000000.00000,114.59569,45,1000000000.00000,False,-1,0,False,999999885.40431
3,1000000000.00000,114.61852,56,1000000000.00000,False,-1,0,False,999999885.38148
3,251.32347,160.13715,43,1000000000.00000,False,-1,0,False,91.18633
3,1000000000.00000,219.98373,46,1000000000.00000,False,-1,0,False,999999780.01627
3,1000000000.00000,166.63847,242,1000000000.00000,False,-1,0,False,999999833.36153
3,1000000000.00000,196.78259,209,1000000000.00000,False,-1,0,False,999999803.21741
3,1000000000.00000,139.87535,3,260.51773,False,-1,0,False,999999860.12465
3,1000000000.00000,97.23080,120,1000000000.00000,False,-1,0,False,999999902.76920
3,1000000000.00000,161.08875,33,1000000000.00000,False,-1,0,False,999999838.91125
3,1000000000.00000,169.14342,178,249.63745,False,-1,0,False,999999830.85658
3,1000000000.00000,114.60944,220,1000000000.00000,False,-1,0,False,999999885.39056
3,1000000000.00000,112.79254,54,1000000000.00000,False,-1,0,False,999999887.20746
3,1000000000.00000,128.72554,200,1000000000.00000,False,-1,0,False,999999871.27446
3,1000000000.00000,78.01726,6,1000000000.00000,False,-1,0,False,999999921.98274
3,1000000000.00000,152.45082,27,1000000000.00000,False,-1,0,False,999999847.54918
3,1000000000.00000,109.77040,23,1000000000.00000,False,-1,0,False,999999890.22960
3,1000000000.00000,157.61583,60,1000000000.00000,False,-1,0,False,999999842.38417
3,1000000000.00000,181.63782,22,1000000000.00000,False,-1,0,False,999999818.36218
3,1000000000.00000,87.80806,2,1000000000.00000,False,-1,0,False,999999912.19194
3,1000000000.00000,188.91425,194,1000000000.00000,False,-1,0,False,999999811.08575
3,1000000000.00000,158.58870,239,1000000000.00000,False,-1,0,False,999999841.41130
3,1000000000.00000,123.68064,20,264.42203,False,-1,0,False,999999876.31936
3,1000000000.00000,182.60069,180,1000000000.00000,False,-1,0,False,999999817.39931
3,1000000000.00000,93.40659,1,257.85434,False,-1,0,False,999999906.59341
3,1000000000.00000,200.15076,16,1000000000.00000,False,-1,0,False,999999799.84924
3,1000000000.00000,194.20442,119,1000000000.00000,False,-1,0,False,999999805.79558
3,1000000000.00000,109.25153,101,1000000000.00000,False,-1,0,False,999999890.74847
3,1000000000.00000,156.43964,7,1000000000.00000,False,-1,0,False,999999843.56036
3,1000000000.00000,210.16579,179,1000000000.00000,False,-1,0,False,999999789.83421
3,1000000000.00000,188.91425,163,1000000000.00000,False,-1,0,False,999999811.08575
3,1000000000.00000,131.11447,23,1000000000.00000,False,-1,0,False,999999868.88553
3,1000000000.00000,103.95717,3,277.55640,False,-1,0,False,999999896.04283
3,1000000000.00000,165.63831,2,1000000000.00000,False,-1,0,False,999999834.36169
3,1000000000.00000,152.24275,2,1000000000.00000,False,-1,0,False,999999847.75725
3,1000000000.00000,122.83126,107,1000000000.00000,False,-1,0,False,999999877.16874
3,1000000000.00000,171.09077,68,1000000000.00000,False,-1,0,False,999999828.90923
3,1000000000.00000,191.95056,195,243.47131,False,-1,0,False,999999808.04944
3,1000000000.00000,156.33046,2,1000000000.00000,False,-1,0,False,999999843.66954
3,1000000000.00000,134.14348,5,239.08662,False,-1,0,False,999999865.85652
3,1000000000.00000,217.22452,29,1000000000.00000,False,-1,0,False,999999782.77548
3,1000000000.00000,190.43869,30,1000000000.00000,False,-1,0,False,999999809.56131
3,1000000000.00000,188.91425,43,237.67636,False,-1,0,False,999999811.08575
3,1000000000.00000,177.09097,44,241.12140,False,-1,0,False,999999822.90903
3,1000000000.00000,208.58383,33,1000000000.00000,False,-1,0,False,999999791.41617
3,1000000000.00000,152.84985,174,1000000000.00000,False,-1,0,False,999999847.15015
3,1000000000.00000,186.21989,152,1000000000.00000,False,-1,0,False,999999813.78011
3,1000000000.00000,133.38841,218,1000000000.00000,False,-1,0,False,999999866.61159
3,245.06927,167.81615,2,1000000000.00000,False,-1,0,False,77.25313
3,1000000000.00000,158.39142,4,1000000000.00000,False,-1,0,False,999999841.60858
3,1000000000.00000,122.15482,2,1000000000.00000,False,-1,0,False,999999877.84518
3,1000000000.00000,170.90683,17,1000000000.00000,False,-1,0,False,999999829.09317
3,1000000000.00000,194.01917,29,270.20352,False,-1,0,False,999999805.98083
3,1000000000.00000,78.00726,2,1000000000.00000,False,-1,0,False,999999921.99274
3,1000000000.00000,205.71086,194,1000000000.00000,False,-1,0,False,999999794.28914
3,1000000000.00000,150.99780,0,1000000000.00000,False,-1,0,False,999999849.00220
3,1000000000.00000,176.40224,194,274.20975,False,-1,0,False,999999823.59776
3,1000000000.00000,205.67047,152,1000000000.00000,False,-1,0,False,999999794.32953
3,1000000000.00000,98.98212,98,6589.03320,False,-1,0,False,999999901.01788
3,221.43320,100.67413,0,1000000000.00000,False,-1,0,False,120.75907
3,1000000000.00000,170.75226,12,1000000000.00000,False,-1,0,False,999999829.24774
3,1000000000.00000,169.70940,29,1000000000.00000,False,-1,0,False,999999830.29060
3,1000000000.00000,108.15533,110,1000000000.00000,False,-1,0,False,999999891.84467
3,1000000000.00000,184.10706,209,1000000000.00000,False,-1,0,False,999999815.89294
3,1000000000.00000,112.80257,90,1000000000.00000,False,-1,0,False,999999887.19743
3,1000000000.00000,128.75938,116,1000000000.00000,False,-1,0,False,999999871.24062
3,1000000000.00000,118.08333,7,1000000000.00000,False,-1,0,False,999999881.91667
3,1000000000.00000,92.51877,1,1000000000.00000,False,-1,0,False,999999907.48123
3,1000000000.00000,114.62945,144,1000000000.00000,False,-1,0,False,999999885.37055
3,1000000000.00000,115.14565,208,239.77617,False,-1,0,False,999999884.85435
3,1000000000.00000,158.98122,4,1000000000.00000,False,-1,0,False,999999841.01878
3,1000000000.00000,101.64579,22,1000000000.00000,False,-1,0,False,999999898.35421
3,1000000000.00000,145.67184,77,1000000000.00000,False,-1,0,False,999999854.32816
3,1000000000.00000,100.11931,45,1000000000.00000,False,-1,0,False,999999899.88069
3,1000000000.00000,147.50139,17,248.85226,False,-1,0,False,999999852.49861
3,1000000000.00000,135.85716,98,1000000000.00000,False,-1,0,False,999999864.14284
3,1000000000.00000,158.65790,4,1000000000.00000,False,-1,0,False,999999841.34210
3,1000000000.00000,213.69662,129,1000000000.00000,False,-1,0,False,999999786.30338
3,1000000000.00000,94.79355,149,1000000000.00000,False,-1,0,False,999999905.20645
3,1000000000.00000,147.49138,36,1000000000.00000,False,-1,0,False,999999852.50862
3,257.52277,161.20975,2,1000000000.00000,False,-1,0,False,96.31302
3,1000000000.00000,138.78668,11,1000000000.00000,False,-1,0,False,999999861.21332
3,1000000000.00000,152.86464,12,1000000000.00000,False,-1,0,False,999999847.13536
3,1000000000.00000,169.54216,3,1000000000.00000,False,-1,0,False,999999830.45784
3,1000000000.00000,108.44866,10,1000000000.00000,False,-1,0,False,999999891.55134
3,1000000000.00000,182.78752,6,1000000000.00000,False,-1,0,False,999999817.21248
3,1000000000.00000,178.61801,2,1000000000.00000,False,-1,0,False,999999821.38199
3,1000000000.00000,158.61731,36,1000000000.00000,False,-1,0,False,999999841.38269
3,1000000000.00000,134.14348,8,1000000000.00000,False,-1,0,False,999999865.85652
3,1000000000.00000,184.11707,18,1000000000.00000,False,-1,0,False,999999815.88293
3,1000000000.00000,54.56534,0,1000000000.00000,False,-1,0,False,999999945.43466
3,1000000000.00000,198.02225,18,1000000000.00000,False,-1,0,False,999999801.97775
3,1000000000.00000,1000000000.00000,-1,1000000000.00000,False,-1,0,False,0.00000
3,1000000000.00000,173.84497,109,1000000000.00000,False,-1,0,False,999999826.15503
3,1000000000.00000,114.60944,70,1000000000.00000,False,-1,0,False,999999885.39056
3,1000000000.00000,189.77475,91,1000000000.00000,False,-1,0,False,999999810.22525
3,1000000000.00000,199.72713,58,1000000000.00000,False,-1,0,False,999999800.27287
3,1000000000.00000,170.17918,75,1000000000.00000,False,-1,0,False,999999829.82082
3,1000000000.00000,234.54449,241,1000000000.00000,False,-1,0,False,999999765.45551
3,1000000000.00000,193.24228,28,1000000000.00000,False,-1,0,False,999999806.75772
3,1000000000.00000,191.11913,27,1000000000.00000,False,-1,0,False,999999808.88087
3,244.69943,87.80806,3,1000000000.00000,False,-1,0,False,156.89137
3,247.61195,128.05275,6,1000000000.00000,False,-1,0,False,119.55920
3,1000000000.00000,106.24271,85,1000000000.00000,False,-1,0,False,999999893.75729
3,1000000000.00000,114.59851,159,1000000000.00000,False,-1,0,False,999999885.40149
3,1000000000.00000,181.18616,6,1000000000.00000,False,-1,0,False,999999818.81384
3,1000000000.00000,162.41801,1,1000000000.00000,False,-1,0,False,999999837.58199
3,1000000000.00000,131.88707,2,1000000000.00000,False,-1,0,False,999999868.11293
3,1000000000.00000,106.68700,2,1000000000.00000,False,-1,0,False,999999893.31300
3,1000000000.00000,185.90878,237,272.70822,False,-1,0,False,999999814.09122
3,1000000000.00000,189.54994,239,1000000000.00000,False,-1,0,False,999999810.45006
3,236.02205,156.82011,3,1000000000.00000,False,-1,0,False,79.20193
3,1000000000.00000,111.65528,116,1000000000.00000,False,-1,0,False,999999888.34472
3,1000000000.00000,126.33809,3,1000000000.00000,False,-1,0,False,999999873.66191
3,1000000000.00000,221.08311,91,1000000000.00000,False,-1,0,False,999999778.91689
3,1000000000.00000,158.97121,162,1000000000.00000,False,-1,0,False,999999841.02879
3,1000000000.00000,79.02309,5,1000000000.00000,False,-1,0,False,999999920.97691
3,1000000000.00000,112.79966,78,1000000000.00000,False,-1,0,False,999999887.20034
3,1000000000.00000,79.01308,27,1000000000.00000,False,-1,0,False,999999920.98692
3,1000000000.00000,158.97121,233,1000000000.00000,False,-1,0,False,999999841.02879
3,1000000000.00000,121.57458,4,1000000000.00000,False,-1,0,False,999999878.42542
3,1000000000.00000,190.80087,8,1000000000.00000,False,-1,0,False,999999809.19913
3,240.28337,164.65581,96,1000000000.00000,False,-1,0,False,75.62756
3,1000000000.00000,52.73274,3,1000000000.00000,False,-1,0,False,999999947.26726
3,1000000000.00000,131.89206,70,1000000000.00000,False,-1,0,False,999999868.10794
3,1000000000.00000,216.28020,6,1000000000.00000,False,-1,0,False,999999783.71980
3,1000000000.00000,114.61351,5,1000000000.00000,False,-1,0,False,999999885.38649
3,1000000000.00000,83.85815,166,1000000000.00000,False,-1,0,False,999999916.14185
3,1000000000.00000,156.89410,6,1000000000.00000,False,-1,0,False,999999843.10590
3,1000000000.00000,79.01809,86,1000000000.00000,False,-1,0,False,999999920.98191
3,1000000000.00000,141.20514,189,250.01385,False,-1,0,False,999999858.79486
3,1000000000.00000,131.94560,6,1000000000.00000,False,-1,0,False,999999868.05440
3,1000000000.00000,145.00352,232,240.61787,False,-1,0,False,999999854.99648
3,1000000000.00000,123.49789,54,1000000000.00000,False,-1,0,False,999999876.50211
3,237.22118,87.80806,6,1000000000.00000,False,-1,0,False,149.41312
3,1000000000.00000,169.13843,81,1000000000.00000,False,-1,0,False,999999830.86157
3,1000000000.00000,204.31361,44,227.58218,False,-1,0,False,999999795.68639
3,1000000000.00000,172.94318,226,1000000000.00000,False,-1,0,False,999999827.05682
3,1000000000.00000,126.90691,4,1000000000.00000,False,-1,0,False,999999873.09309
3,1000000000.00000,192.17476,147,1000000000.00000,False,-1,0,False,999999807.82524
3,254.42340,124.24374,188,1000000000.00000,False,-1,0,False,130.17966
3,1000000000.00000,171.09973,161,1000000000.00000,False,-1,0,False,999999828.90027
3,1000000000.00000,172.92253,220,1000000000.00000,False,-1,0,False,999999827.07747
3,1000000000.00000,121.29894,7,1000000000.00000,False,-1,0,False,999999878.70106
3,1000000000.00000,118.85608,161,240.60873,False,-1,0,False,999999881.14392
3,1000000000.00000,1000000000.00000,-1,1000000000.00000,False,-1,0,False,0.00000
3,1000000000.00000,185.18707,32,1000000000.00000,False,-1,0,False,999999814.81293
3,1000000000.00000,191.57933,206,1000000000.00000,False,-1,0,False,999999808.42067
3,244.94363,178.60301,13,1000000000.00000,False,-1,0,False,66.34062
3,1000000000.00000,115.36950,127,261.47964,False,-1,0,False,999999884.63050
3,1000000000.00000,185.19215,132,1000000000.00000,False,-1,0,False,999999814.80785
3,1000000000.00000,202.15633,21,1000000000.00000,False,-1,0,False,999999797.84367
3,1000000000.00000,120.19402,145,1000000000.00000,False,-1,0,False,999999879.80598
3,1000000000.00000,169.56798,38,1000000000.00000,False,-1,0,False,999999830.43202
3,1000000000.00000,202.75638,187,1000000000.00000,False,-1,0,False,999999797.24362
3,1000000000.00000,124.22374,152,1000000000.00000,False,-1,0,False,999999875.77626
3,1000000000.00000,114.60944,91,1000000000.00000,False,-1,0,False,999999885.39056
3,1000000000.00000,124.51730,4,1000000000.00000,False,-1,0,False,999999875.48270
3,1000000000.00000,218.26743,236,314.49039,False,-1,0,False,999999781.73257
3,1000000000.00000,114.60944,232,236.84236,False,-1,0,False,999999885.39056
3,1000000000.00000,182.51257,19,1000000000.00000,False,-1,0,False,999999817.48743
3,1000000000.00000,123.36790,206,1000000000.00000,False,-1,0,False,999999876.63210
3,1000000000.00000,191.57933,92,1000000000.00000,False,-1,0,False,999999808.42067
3,1000000000.00000,212.25432,61,1000000000.00000,False,-1,0,False,999999787.74568
3,1000000000.00000,241.16248,202,1000000000.00000,False,-1,0,False,999999758.83752
3,1000000000.00000,152.92212,66,1000000000.00000,False,-1,0,False,999999847.07788
3,236.83513,165.42410,186,1000000000.00000,False,-1,0,False,71.41103
3,242.52556,114.61445,91,1000000000.00000,False,-1,0,False,127.91111
3,1000000000.00000,190.81100,132,1000000000.00000,False,-1,0,False,999999809.18900
3,338.80603,114.59851,33,1000000000.00000,False,-1,0,False,224.20752
3,1000000000.00000,169.13342,248,249.63745,False,-1,0,False,999999830.86658
3,1000000000.00000,169.13342,198,1000000000.00000,False,-1,0,False,999999830.86658
3,1000000000.00000,114.59851,142,1000000000.00000,False,-1,0,False,999999885.40149
3,1000000000.00000,154.54500,2,1000000000.00000,False,-1,0,False,999999845.45500
3,1000000000.00000,191.92351,240,1000000000.00000,False,-1,0,False,999999808.07649
3,1000000000.00000,114.59851,87,1000000000.00000,False,-1,0,False,999999885.40149
3,1000000000.00000,137.32063,6,1000000000.00000,False,-1,0,False,999999862.67937
3,1000000000.00000,114.60944,138,1000000000.00000,False,-1,0,False,999999885.39056
3,248.29176,155.40994,2,1000000000.00000,False,-1,0,False,92.88182
3,1000000000.00000,189.75031,85,1000000000.00000,False,-1,0,False,999999810.24969
3,1000000000.00000,148.13863,12,1000000000.00000,False,-1,0,False,999999851.86137
3,1000000000.00000,169.15842,41,238.41179,False,-1,0,False,999999830.84158
3,1000000000.00000,110.31137,133,1000000000.00000,False,-1,0,False,999999889.68863
3,1000000000.00000,152.87985,159,1000000000.00000,False,-1,0,False,999999847.12015
3,1000000000.00000,160.13623,158,1000000000.00000,False,-1,0,False,999999839.86377
3,1000000000.00000,165.41692,84,1000000000.00000,False,-1,0,False,999999834.58308
3,1000000000.00000,114.59851,44,1000000000.00000,False,-1,0,False,999999885.40149
3,1000000000.00000,148.69211,68,1000000000.00000,False,-1,0,False,999999851.30789
3,1000000000.00000,151.35149,2,1000000000.00000,False,-1,0,False,999999848.64851
3,1000000000.00000,159.93294,3,1000000000.00000,False,-1,0,False,999999840.06706
3,1000000000.00000,185.83093,3,1000000000.00000,False,-1,0,False,999999814.16907
3,1000000000.00000,125.63002,12,243.52568,False,-1,0,False,999999874.36998
3,1000000000.00000,54.63013,9,1000000000.00000,False,-1,0,False,999999945.36987
3,1000000000.00000,185.13847,122,1000000000.00000,False,-1,0,False,999999814.86153
3,1000000000.00000,158.99124,66,1000000000.00000,False,-1,0,False,999999841.00876
3,1000000000.00000,201.35463,153,1000000000.00000,False,-1,0,False,999999798.64537
3,1000000000.00000,181.47966,74,1000000000.00000,False,-1,0,False,999999818.52034
3,1000000000.00000,158.97121,42,1000000000.00000,False,-1,0,False,999999841.02879
3,1000000000.00000,220.14272,54,1000000000.00000,False,-1,0,False,999999779.85728
3,1000000000.00000,128.75938,38,1000000000.00000,False,-1,0,False,999999871.24062
3,1000000000.00000,192.16977,65,1000000000.00000,False,-1,0,False,999999807.83023
3,1000000000.00000,83.72749,35,1000000000.00000,False,-1,0,False,999999916.27251
3,1000000000.00000,196.34515,200,1000000000.00000,False,-1,0,False,999999803.65485
3,1000000000.00000,115.78831,183,1000000000.00000,False,-1,0,False,999999884.21169
3,1000000000.00000,134.59834,208,1000000000.00000,False,-1,0,False,999999865.40166
3,1000000000.00000,114.61445,59,1000000000.00000,False,-1,0,False,999999885.38555
3,1000000000.00000,196.99414,212,1000000000.00000,False,-1,0,False,999999803.00586
3,262.94348,158.65787,1,1000000000.00000,False,-1,0,False,104.28561
3,1000000000.00000,160.13623,65,1000000000.00000,False,-1,0,False,999999839.86377
3,1000000000.00000,146.65201,125,1000000000.00000,False,-1,0,False,999999853.34799
3,1000000000.00000,155.66695,1,1000000000.00000,False,-1,0,False,999999844.33305
3,1000000000.00000,191.59933,135,1000000000.00000,False,-1,0,False,999999808.40067
3,1000000000.00000,196.77759,106,1000000000.00000,False,-1,0,False,999999803.22241
3,1000000000.00000,165.42192,53,1000000000.00000,False,-1,0,False,999999834.57808
3,1000000000.00000,219.43959,81,1000000000.00000,False,-1,0,False,999999780.56041
3,1000000000.00000,158.38440,192,1000000000.00000,False,-1,0,False,999999841.61560
3,1000000000.00000,200.56363,46,1000000000.00000,False,-1,0,False,999999799.43637
3,1000000000.00000,96.44762,2,1000000000.00000,False,-1,0,False,999999903.55238
3,1000000000.00000,114.59166,29,1000000000.00000,False,-1,0,False,999999885.40834
3,1000000000.00000,114.61445,87,1000000000.00000,False,-1,0,False,999999885.38555
3,1000000000.00000,187.43701,249,248.45871,False,-1,0,False,999999812.56299
3,8540.60645,169.13843,133,1000000000.00000,False,-1,0,False,8371.46802
3,1000000000.00000,212.64098,13,1000000000.00000,False,-1,0,False,999999787.35902
3,1000000000.00000,207.93251,1,1000000000.00000,False,-1,0,False,999999792.06749
3,1000000000.00000,147.49638,145,1000000000.00000,False,-1,0,False,999999852.50362
3,1000000000.00000,162.41302,61,1000000000.00000,False,-1,0,False,999999837.58698
3,247.96091,114.59851,189,1000000000.00000,False,-1,0,False,133.36240
3,1000000000.00000,169.85793,62,1000000000.00000,False,-1,0,False,999999830.14207
3,1000000000.00000,171.29474,157,1000000000.00000,False,-1,0,False,999999828.70526
3,1000000000.00000,115.36950,218,233.92175,False,-1,0,False,999999884.63050
3,1000000000.00000,163.35728,40,1000000000.00000,False,-1,0,False,999999836.64272
3,1000000000.00000,187.46510,194,244.87309,False,-1,0,False,999999812.53490
3,252.47823,0.04000,9,1000000000.00000,True,9,1,False,252.43823
3,1000000000.00000,205.89235,19,1000000000.00000,False,-1,0,False,999999794.10765
3,1000000000.00000,180.40511,96,1000000000.00000,False,-1,0,False,999999819.59489
3,1000000000.00000,90.24576,2,1000000000.00000,False,-1,0,False,999999909.75424
3,1000000000.00000,114.60944,91,1000000000.00000,False,-1,0,False,999999885.39056
3,1000000000.00000,178.60301,8,1000000000.00000,False,-1,0,False,999999821.39699
3,1000000000.00000,171.27974,99,247.28236,False,-1,0,False,999999828.72026
3,1000000000.00000,114.60944,60,1000000000.00000,False,-1,0,False,999999885.39056
3,1000000000.00000,187.61575,76,1000000000.00000,False,-1,0,False,999999812.38425
3,1000000000.00000,206.78841,203,1000000000.00000,False,-1,0,False,999999793.21159
3,1000000000.00000,163.37228,140,1000000000.00000,False,-1,0,False,999999836.62772
3,1000000000.00000,176.41223,10,231.67973,False,-1,0,False,999999823.58777
